ClaGenus,ClaSpecies,AutAuthorString,SummaryData
Aaptos,aaptos,"(Schmidt, 1864)",
Clathrospongia,abacus,(Hall),
Dictyophyton,abacus,Hall,
Pachastrella,abyssi,,
Cladorhiza,abyssicola,"Sars, 1872","Sars, G. O."
Pandaros,acanthifolium,"Duchassaing & Michelotti, 1864","Duchassaing, É. P."
Pandaros,acanthifolium,"Duchassaing & Michelotti, 1864","Michelotti, G."
Ocellaria,acellata,,
Latrunculia,acerata,"Ridley & Dendy, 1886","Ridley, S. O."
Latrunculia,acerata,"Ridley & Dendy, 1886","Dendy, A."
Didiscus,aceratus,"(Ridley & Dendy, 1886)",
Ancorina,acervus,"(Bowerbank, 1864)",
Ecionemia,acervus,"Bowerbank, 1864","Bowerbank, J. S."
Tethya,actinia,"de Laubenfels, 1950","de Laubenfels, M. W."
Calcifibrospongia,actinostromarioides,"Hartman, 1979","Hartman, W. D."
Hymeniacidon,actites,"(Ristau, 1978)",
Leucophloeus,actites,"Ristau, 1978","Ristau, D. A."
Acanthella,acuta,"Schmidt, 1862","Schmidt, E. O."
Scyphia,acuta,,
Mycale,adherens,"(Lambe, 1894)",
Clathria,adioristica,"(de Laubenfels, 1953)",
Clathria,adioristica,(de Laubenfels),
Dictyociona,adioristica,"de Laubenfels, 1953","de Laubenfels, M. W."
Hymeniacidon,adreissiformis,"Dickinson, 1945","Dickinson, M. G."
Aplysina,aerophoba,"(Nardo, 1833)",
Verongia,aerophoba,Schmidt,Schmidt
Microciona,affinis,"(Topsent, 1889)",
Spongia,agaricina,"Pallas, 1776","Pallas, P. S."
Spongia,agaricina,"Duchassaing & Michelotti, 1864","Duchassaing, É. P."
Spongia,agaricina,"Duchassaing & Michelotti, 1864","Michelotti, G."
Spongia,agaricina,,
Spongia,agaricina,Hyatt,"Hyatt, A."
Spongia,agaricina,"Hyatt, 1877","Hyatt, A."
Coeloptychium,agaricoides,Goldfuss,"Goldfuss, G. A."
Myxilla,agennes,"de Laubenfels, 1930","de Laubenfels, M. W."
Plocoscyphia,agglomerata,,
Hoplochalina,agoga,"de Laubenfels, 1954","de Laubenfels, M. W."
Scopalina,agoga,"(de Laubenfels, 1954)",
Epallax,ajax,"de Laubenfels, 1950","de Laubenfels, M. W."
Hemiasterella,ajax,"(de Laubenfels, 1950)",
Ancorina,alata,"Dendy, 1924","Dendy, A."
Ecionemia,alata,"(Dendy, 1924)",
Spongilla,alba,Carter,
Adocia,albifragilis,"Hechtel, 1965","Hechtel, G. J."
Haliclona,albifragilis,(Hechtel),
Agelas,albolutea,"Duchassaing & Michelotti, 1864","Duchassaing, É. P."
Agelas,albolutea,"Duchassaing & Michelotti, 1864","Michelotti, G."
Ventriculites,alcynoides,,
Cinachyra,alloclada,Uliczka,"Uliczka, E."
Cinachyrella,alloclada,"(Uliczka, 1929)",
Dictyospongia,almondensis,,
Meta,alta,,
Lissodendoryx,amaknakensis,"(Lambe, 1895)",
Pachychalina,amaranthus,"(Duchassaing & Michelotti, 1864)",
Phorbas,amaranthus,"Duchassaing & Michelotti, 1864","Duchassaing, É. P."
Phorbas,amaranthus,"Duchassaing & Michelotti, 1864","Michelotti, G."
Pseudotrachya,amaza,"(de Laubenfels, 1934)",
Plocamionida,ambigua,"(Bowerbank, 1866)",
Dysidea,amblia,"(de Laubenfels, 1930)",
Prismodictya,amicitlae,,
Hippospongia,ammata,"de Laubenfels, 1954","de Laubenfels, M. W."
Bubaris,ammosclera,"Hechtel, 1969","Hechtel, G. J."
Haliclona,amphioxa,"(de Laubenfels, 1950)",
Strongylophora,amphioxa,"de Laubenfels, 1950","de Laubenfels, M. W."
Oceanapia,amphirhiza,"(Schmidt, 1880)",
Rhizochalina,amphirhiza,"Schmidt, 1880","Schmidt, E. O."
Homaxinella,amphispicula,"(de Laubenfels, 1961)",
Syringella,amphispicula,"de Laubenfels, 1961","de Laubenfels, M. W."
Stelletta,anancora,"(Sollas, 1886)",
Verticillites,anastomans,,
Barroisia,anastomosans,Mantell,
Tremacystia,anastomosans,(Mantell),
Axos,anchorata,"Carter, 1881","Carter, H. J."
Desmapsamma,anchorata,"(Carter, 1882)",
Fibularia,anchorata,"Carter, 1882","Carter, H. J."
Fibulia,anchorata,"(Carter, 1881)",
Polymastia,andrica,"de Laubenfels, 1949","de Laubenfels, M. W."
Halichondria,angulata,"Bowerbank, 1866","Bowerbank, J. S."
Mycale,angulosa,"(Duchassaing & Michelotti, 1864)",
Pandaros,angulosa,"Duchassaing & Michelotti, 1864","Duchassaing, É. P."
Pandaros,angulosa,"Duchassaing & Michelotti, 1864","Michelotti, G."
Epipolasis,angulospiculata,"(Carter, 1882)",
Plakortis,angulospiculatus,"(Carter, 1879)",
Suberites,angulospiculatus,"Carter, 1879","Carter, H. J."
Polycoelia,angusta,Rothpletz,"Rothpletz, A."
Hexactinella,angustata,Schrammen,"Schrammen, A."
Ventriculites,angustatus,,
Ventriculites,angustatus,,
Tedania,anhelans,"(Vio in Olivi, 1792)",
Pheronema,annae,(Leidy),
Archaeoscyphia,annulata,Cullison,"Cullison, J. S."
Ceratodictya,annulata,(Hall),
Scytalia,annulata,,
Hyalostelia,anticostiana,Twenhofel,"Twenhofel, W. H."
Twenhofelella,anticostiana,(Twenhofel),
Echinodictyum,antrodes,"(de Laubenfels, 1954)",
Kieplitela,antrodes,"de Laubenfels, 1954","de Laubenfels, M. W."
Cinachyra,apion,"Uliczka, 1929","Uliczka, E."
Cinachyrella,apion,"(Uliczka, 1929)",
Thysanodictya,apleta,,
Cypellia,applanata,,
Cliona,aprica,"Pang, 1973","Pang, R. K."
Cliona,aprica,"Pang, 1973",
Cliona,aprica,"Pang, 1973","Pang, R. K."
Psammaplysilla,arabica,"Keller, 1889",
Pseudoceratina,arabica,"(Keller, 1889)",
Craniella,arb,"(de Laubenfels, 1930)",
Tetilla,arb,"de Laubenfels, 1930","de Laubenfels, M. W."
Amphimedon,arborescens,"Duchassaing & Michelotti, 1864","Duchassaing, É. P."
Amphimedon,arborescens,"Duchassaing & Michelotti, 1864","Michelotti, G."
Chalina,arbuscula,"Verrill, 1873","Verrill, A. E."
Monanchora,arbuscula,"(Duchassaing & Michelotti, 1864)",
Pandaros,arbusculum,"Duchassaing & Michelotti, 1864","Duchassaing, É. P."
Pandaros,arbusculum,"Duchassaing & Michelotti, 1864","Michelotti, G."
Callyspongia,arcesiosa,"de Laubenfels, 1936","de Laubenfels, M. W."
Aplysina,archeri,"(Higgin, 1875)",
Verongia,archeri,"(Higgin, 1875)",
Artemisina,arcigera,"(Schmidt, 1870)",
Hemigellius,arcofer,"(Vosmaer, 1885)",
Orina,arcoferus,"(Vosmaer, 1885)",
Grantia,arctica,"(Haeckel, 1872)",
Haliclona,arctica,"(Hentschel, 1916)",
Ianthella,ardis,"de Laubenfels, 1950","de Laubenfels, M. W."
Verongula,ardis,"(de Laubenfels, 1950)",
Dysidea,arenaria,Bergquist,"Bergquist, P. R."
Gelliodes,areolata,"(Wilson, 1902)",
Pachychalina,areolata,"Wilson, 1902","Wilson, H. V."
Anheteromeyenia,argyrosperma,"(Potts, 1880)",
Heteromeyenia,argyrosperma,"(Potts, 1880)",
Hircinia,armata,(Duchassaing & Michelotti),
Hircinia,armata,Verrill,"Verrill, A. E."
Callyspongia,armigera,"(Duchassaing & Michelotti, 1864)",
Cladochalina,armigera,"(Duchassaing & Michelotti, 1864)",
Tuba,armigera,"Duchassaing & Michelotti, 1864","Duchassaing, É. P."
Tuba,armigera,"Duchassaing & Michelotti, 1864","Michelotti, G."
Astylinifer,arndti,"de Laubenfels, 1930","de Laubenfels, M. W."
Hymedesmia,arndti,"(de Laubenfels, 1930)",
Caesaria,articulata,(Goldfuss),
Hircinia,aruensis,"Hentschel, 1912","Hentschel, E."
Ircinia,aruensis,"(Hentschel, 1912)",
Clathria,asodes,"(de Laubenfels, 1930)",
Eurypon,asodes,"de Laubenfels, 1930","de Laubenfels, M. W."
Leptoclathria,asodes,"(de Laubenfels, 1930)",
Heterospongia,asper,,
Leuconia,aspera,(Schmidt),
Saccospongia,aspera,,
Euplectella,aspergillum,Owen,
Spongilla,aspinosa,"Potts, 1880",
Hymeniacidon,assimilis,"(Levinsen, 1887)",
Spongites,astrophorus,,
Neoprosypa,atina,"de Laubenfels, 1954","de Laubenfels, M. W."
Hircinia,atra,"Whitfield, 1901","Whitfield, R. P."
Iotrochota,atra,"(Whitfield, 1901)",
Clathria,atrasanguinea,"(Bowerbank, 1862)",
Microciona,atrasanguinea,"Bowerbank, 1862","Bowerbank, J. S."
Strephochetus,atratus,"Seely, 1886","Seely, H. M."
Prismodictya,aulophia,,
Ptilocaulis,aulopora,"(Schmidt, 1870)",
Schmidtia,aulopora,"Schmidt, 1870","Schmidt, E. O."
Tethya,aurantia,"de Laubenfels, 1932","de Laubenfels, M. W."
Suberites,aurantiaca,"(Duchassaing & Michelotti, 1864)",
Terpios,aurantiaca,"Duchassaing & Michelotti, 1864","Duchassaing, É. P."
Terpios,aurantiaca,"Duchassaing & Michelotti, 1864","Michelotti, G."
Suberites,aurantiacus,"(Duchassaing & Michelotti, 1864)",
Aulocopium,aurantium,,
Tethya,aurantium,"(Pallas, 1766)",
Aplysina,aurea,"Hyatt, 1875","Hyatt, A."
Smenospongia,aurea,"(Hyatt, 1875)",
Verongia,aurea,"(Hyatt, 1875)",
Goreauiella,auriculata,"Hartman, 1969","Hartman, W. D."
Chonella,auriformis,,
Verruculina,auriformis,,
Pattersonia,aurita,(Beecher),
Strobilospongia,aurita,(Beecher),
Cliothosa,aurivillii,"(Lindgren, 1897)",
Spirastrella,aurivillii,"Lindgren, 1897","Lindgren, N. G."
Rhabdastrella,aurora,"(Hentschel, 1909)",
Dragmacidon,australe,"(Bergquist, 1970)",
Chondrilla,australiensis,"Carter, 1873","Carter, H. J."
Cinachyra,australiensis,(Carter),
Cinachyrella,australiensis,"(Carter, 1886)",
Pseudaxinella,australis,"Bergquist, 1970","Bergquist, P. R."
Dysidea,avara,"(Schmidt, 1862)",
Hydnoceras,avoca,,
Halichondria,B2,,
Halichondria,B3,,
Aphrocallistes,bacaqei,,
Paratetilla,bacca,(Selenka),
Iotrochota,baculifera,"Ridley, 1884","Ridley, S. O."
Prismodictya,baculum,Hall,
Lubomirskia,baicalensis,"(Pallas, 1773)",
Lubomirskia,baikalensis,(Pallas),
Echinochalina,barba,"(Lamarck, 1813)",
Monanchora,barbadensis,"Hechtel, 1969","Hechtel, G. J."
Spongia,barbara,"Duchassaing & Michelotti, 1864","Duchassaing, É. P."
Spongia,barbara,"Duchassaing & Michelotti, 1864","Michelotti, G."
Geodia,barretti,"Bowerbank, 1858",
Inflatella,bartschi,"de Laubenfels, 1934",
Oceanapia,bartschi,"(de Laubenfels, 1934)",
Gaspespongia,basalis,Parks,
Hydnoceras,bathense,Hall & Clarke,
Aphrocallistes,beatrix,"Gray, 1858",
Girtyocoelia,beedei,"(Girty, 1908)",
Heterocoelia,beedei,,
Girtycoelia,benjamini,,
Aaptos,bergmanni,"de Laubenfels, 1950","de Laubenfels, M. W."
Echinoclathria,beringensis,"(Hentschel, 1929)",
Phakellia,beringensis,"Hentschel, 1929",
Fibulia,bermuda,"de Laubenfels, 1950","de Laubenfels, M. W."
Strongylacidon,bermuda,"(de Laubenfels, 1950)",
Geodia,bicolor,"(von Lendenfeld, 1910)",
Sidonops,bicolor,"von Lendenfeld, 1910","von Lendenfeld, R."
Leuconia,bidentatus,,
Iotrochota,birotulata,"(Higgin, 1877)",
Ptilocaulis,bistyla,"(Hechtel, 1983)",
Stylaxinella,bistyla,"Hechtel, 1983","Hechtel, G. J."
Aphrocallistes,bocagei,"Wright, 1870",
Stelletta,boglicii,"Schmidt, 1862","Schmidt, E. O."
Polymastia,boletiformis,"(Lamarck, 1815)",
Sphaerotylus,borealis,"(Swartschewsky, 1906)",
Stylocordyla,borealis,"(Lovén, 1868)",
Leucosolenia,botryoides,"(Ellis & Solander, 1786)",
Halichondria,bowerbancki,Burton,"Burton, E."
Halichondria,bowerbanki,"Burton, 1930",
Halichondria,bowerbanki,"Burton, 1930","Burton, E."
Hamptonia,bowerbanki,Walcott,"Walcott, C. D."
Strephochetus,brainerdi,"Seely, 1886","Seely, H. M."
Halichondria,braziliensis,"Hechtel, 1983","Hechtel, G. J."
Ptilocaulis,braziliensis,"(Hechtel, 1983)",
Stylaxinella,braziliensis,"Hechtel, 1983","Hechtel, G. J."
Aaata,brepha,"de Laubenfels, 1930","de Laubenfels, M. W."
Anaata,brepha,"(de Laubenfels, 1930)",
Clathria,brepha,"(de Laubenfels, 1930)",
Hymedesmia,brepha,"(de Laubenfels, 1930)",
Quasillina,brevis,"(Bowerbank, 1861)",
Siphonodictyon,brevitubulatum,"Pang, 1973","Pang, R. K."
Eusiphonella,bronni,,
Tedania,brucei,"Wilson, 1894","Wilson, H. V."
Dercitus,bucklandi,"(Bowerbank, 1858)",
Goldsonia,burntensis,(Shrock & Twenhofel),
Ischadites,burntensis,(Shrock & Twenhofel),
Astylospongia,bursa,,
Weberella,bursa,"(Müller, 1806)",
Astylospongia,bussa,,
Halichondria,C1,,
Halichondria,C2,,
Haliclona,caerulea,"(Hechtel, 1965)",
Sigmadocia,caerulea,"Hechtel, 1965","Hechtel, G. J."
Willardia,caicosensis,Willenz & Pomponi,
Fasciospongia,caliculata,"(von Ledendenfeld, 1889)",
Tethya,californiana,"de Laubenfels, 1932","de Laubenfels, M. W."
Axociella,calla,"de Laubenfels, 1934","de Laubenfels, M. W."
Clathria,calla,"(de Laubenfels, 1934)",
Dactylocalyx,callocyathus,,
Heterochone,calyx,(Schulze),
Xestospongia,calyx,"de Laubenfels, 1950","de Laubenfels, M. W."
Cacospongia,camera,"de Laubenfels, 1936","de Laubenfels, M. W."
Dendrilla,camera,"(de Laubenfels, 1936)",
Psammaplysilla,camera,"(de Laubenfels, 1936)",
Hircinia,campana,"(Lamarck, 1814)",
Hircinia,campana,,
Hircinia,campana,,
Ircinia,campana,"(Lamarck, 1814)",
Polytherses,campana,"(Lamarck, 1814)",
Clathria,campecheae,"Hooper, 1996","Hooper, J. N."
Haliclona,canaliculata,"Hartman, 1958","Hartman, W. D."
Arthuria,canariensis,"(Miklucho-Maclay, 1868)",
Leucosolenia,canariensis,"(Miklucho-Maclay, 1868)",
Clathrina,cancellata,"(Verrill, 1873)",
Leucosolenia,cancellata,"Verrill, 1873","Verrill, A. E."
Leucosolenia,cancellata,"Verrill, 1873","Verrill, A. E."
Polytherses,capitata,"Duchassaing & Michelotti, 1864","Duchassaing, É. P."
Polytherses,capitata,"Duchassaing & Michelotti, 1864","Michelotti, G."
Seliscothon,capitatum,,
Hircinia,caracasensis,"Carter, 1882","Carter, H. J."
Hyrtios,caracasensis,"(Carter, 1882)",
Adocia,carbonaria,(Lamarck),
Neopetrosia,carbonaria,"(Lamarck, 1814)",
Pellina,carbonaria,"Lamarck, 1814","Lamarck, J. P."
Thalysias,carbonaria,"(Lamarck, 1814)",
Calathospongia,carceralis,Hall & Clarke,
Cliona,caribbaea,"Carter, 1882","Carter, H. J."
Geodia,cariboea,"Duchassaing & Michelotti, 1864","Duchassaing, É. P."
Geodia,cariboea,"Duchassaing & Michelotti, 1864","Michelotti, G."
Geodia,carinata,"Bowerbank, 1858","Bowerbank, J. S."
Placospongia,carinata,"(Bowerbank, 1858)",
Calathospongia,carlli,Hall & Clarke,
Fibulia,carnosa,"Carter, 1886","Carter, H. J."
Lissodendoryx,carolinensis,"Wilson, 1911","Wilson, H. V."
Ceratodictya,carpenteriana,Hall,
Cliona,carribaea,"Carter, 1882","Carter, H. J."
Choia,carteri,Walcott,"Walcott, C. D."
Clathria,carteri,"Topsent, 1889","Topsent, E."
Thalyseurypon,carteri,"(Topsent, 1889)",
Halichondria,cartilaginea,"(Esper, 1794)",
Hircinia,cartilaginea,"(Esper, 1794)",
Blastinia,castatum,,
Dictyophyton,catilliformis,,
Phragmodictya,catilliformis,,
Tethya,caudata,"Deszo, 1879",
Aplysina,cauliformis,"(Carter, 1882)",
Luffaria,cauliformis,"Carter, 1882","Carter, H. J."
Luffaria,cauliformis,"Carter, 1882","Carter, H. J."
Verongia,cauliformis,(Carter),
Aplysina,cavernicola,"(Vacelet, 1959)",
Verongia,cavernicola,"Vacelet, 1959",
Cinachyra,cavernosa,"(Lamarck, 1815)",
Cinachyrella,cavernosa,"(Lamarck, 1815)",
Fasciospongia,cavernosa,"(Schmidt, 1862)",
Hyattella,cavernosa,"(Pallas, 1766)",
Mycale,cavernosa,"Bergquist, 1965","Bergquist, P. R."
Mycale,cecilia,"de Laubenfels, 1936","de Laubenfels, M. W."
Cliona,celata,"Grant, 1826",
Amphimedon,cellulosa,"(Verrill, 1907)",
Pachychalina,cellulosa,"Verrill, 1907","Verrill, A. E."
Cliona,celta,Grant,
Dactylia,ceratosa,"(Dendy, 1887)",
Siphonochalina,ceratosa,"Dendy, 1887","Dendy, A."
Hippospongia,cerebriformis,(Duchassaing & Michelotti),
Smenospongia,cerebriformis,"(Duchassaing & Michelotti, 1864)",
Spongia,cerebriformis,"Duchassaing & Michelotti, 1864","Duchassaing, É. P."
Spongia,cerebriformis,"Duchassaing & Michelotti, 1864","Michelotti, G."
Chalina,cervicornis,,
Chalinula,cervicornis,Bowerbank,"Bowerbank, J. S."
Clathria,cervicornis,"(Thiele, 1903)",
Rhaphidophlus,cervicornis,"Thiele, 1903","Thiele, J."
Rhizopoterion,cervicornis,,
Rhizopterion,cervicornis,Goldfuss,"Goldfuss, G. A."
Rhizospongia,cervicornis,,
Spongia,cheiris,"de Laubenfels & Storr, 1958","de Laubenfels, M. W."
Spongia,cheiris,"de Laubenfels & Storr, 1958","Storr, J. F."
Iophon,cheliferum,"Ridley & Dendy, 1886","Ridley, S. O."
Iophon,cheliferum,"Ridley & Dendy, 1886","Dendy, A."
Biemna,chilensis,"Thiele, 1905","Thiele, J."
Cliona,chilensis,"Thiele, 1905","Thiele, J."
Dysidea,chlorea,"de Laubenfels, 1954","de Laubenfels, M. W."
Lamellodysidea,chlorea,"(de Laubenfels, 1954)",
Prismodictya,choanea,,
Fasciospongia,chondrodes,"(de Laubenfels, 1954)",
Lendenfeldia,chondrodes,"(de Laubenfels, 1954)",
Spongionella,chondrodes,"de Laubenfels, 1954","de Laubenfels, M. W."
Astylospongia,christiani,,
Thorectopsamma,chromogenia,"de Laubenfels, 1950","de Laubenfels, M. W."
Scypha,ciliata,,
Scypha,ciliatum,"(Fabricius, 1780)",
Sycon,ciliatum,"(Fabricius, 1780)",
Grantia,cilliata,(Fabricius),
Haliclona,cinerea,"(Grant, 1826)",
Isodictya,cinerea,Bowerbank,"Bowerbank, J. S."
Spongilla,cinerea,Carter,
Terpios,cladocerae,"Duchassaing & Michelotti, 1864","Duchassaing, É. P."
Terpios,cladocerae,"Duchassaing & Michelotti, 1864","Michelotti, G."
Stelletta,clarella,"de Laubenfels, 1930","de Laubenfels, M. W."
Ascortis,clarkii,"Verrill, 1873","Verrill, A. E."
Leucosolenia,clarkii,"(Verrill, 1873)",
Clathria,clathrata,"(Schmidt, 1870)",
Craticularia,clathrata,,
Hircinia,clathrata,"Carter, 1881","Carter, H. J."
Monanchora,clathrata,"Carter, 1883","Carter, H. J."
Pasceolus,claudii,,
Spongia,clavaherculis,"Duchassaing & Michelotti, 1864","Duchassaing, É. P."
Spongia,clavaherculis,"Duchassaing & Michelotti, 1864","Michelotti, G."
Corallistes,clavatella,"Schmidt, 1870","Schmidt, E. O."
Macandrewia,clavatella,"(Schmidt, 1870)",
Eurypon,clavatum,"(Bowerbank, 1866)",
Spirastrella,coccinea,"(Duchassaing & Michelotti, 1864)",
Thalysias,coccinea,"Duchassaing & Michelotti, 1864","Duchassaing, É. P."
Thalysias,coccinea,"Duchassaing & Michelotti, 1864","Michelotti, G."
Pellina,coela,"de Laubenfels, 1950","de Laubenfels, M. W."
Pellina,coeliformis,"Hechtel, 1965","Hechtel, G. J."
Margaritella,coeloptychiodes,"Schmidt, 1880","Schmidt, E. O."
Haliclona,coerulescens,"(Topsent, 1918)",
Pleurostoma,coetata,,
Chondrosia,collectrix,"(Schmidt, 1870)",
Rhysospongia,colletti,,
Trypespongia,columbia,"de Laubenfels, 1936","de Laubenfels, M. W."
Polytherses,columnaris,"Duchassaing & Michelotti, 1864","Duchassaing, É. P."
Polytherses,columnaris,"Duchassaing & Michelotti, 1864","Michelotti, G."
Preverticillites,columnella,"Parona, 1933","Parona, C. F."
Taonura,colus,"(Lamarck, 1814)",
Hippospongia,communis,"(Lamarck, 1814)",
Hippospongia,communis,"de Laubenfels, 1954","de Laubenfels, M. W."
Hyrtios,communis,"(Carter, 1885)",
Suberites,compacta,"Verrill, 1873","Verrill, A. E."
Pachypoterion,compactum,,
Suberites,compactus,"Verrill, 1873","Verrill, A. E."
Amphimedon,complanata,"(Duchassaing, 1850)",
Haliclona,complanata,"(Duchassaing, 1850)",
Spongia,complanata,"Duchassaing, 1850","Duchassaing, É. P."
Dysidea,complex,"(de Laubenfels, 1954)",
Phyllospongia,complex,"de Laubenfels, 1954","de Laubenfels, M. W."
Amphimedon,compressa,"Duchassaing & Michelotti, 1864","Duchassaing, É. P."
Amphimedon,compressa,"Duchassaing & Michelotti, 1864","Michelotti, G."
Aplysina,compressa,"Carter, 1882","Carter, H. J."
Auletta,compressa,Hechtel,"Hechtel, G. J."
Clathria,compressa,"Schmidt, 1862","Schmidt, E. O."
Grantia,compressa,"(Fabricius, 1780)",
Joannella,compressa,"Schmidt, 1880","Schmidt, E. O."
Phymaraphinia,compressa,Hinde,"Hinde, G. J."
Aulena,concertina,"de Laubenfels, 1954","de Laubenfels, M. W."
Hyattella,concertina,"(de Laubenfels, 1954)",
Chondrocladia,concrescens,"(Schmidt, 1880)",
Cladorhiza,concrescens,"Schmidt, 1880","Schmidt, E. O."
Microdendron,confluens,,
Spheciospongia,confoederata,"de Laubenfels, 1930","de Laubenfels, M. W."
Halichondrites,confusus,,
Stylopegma,conica,King,"King, P. P."
Agelas,conifera,(Schmidt),
Gelliodes,consimilis,"Lundbeck, 1902","Lundbeck, W."
Turonia,constricta,Zittel,
Leptophragma,contorta,,
Thalyseurypon,conulosa,"Hechtel, 1965","Hechtel, G. J."
Pachastrella,convoluta,,
Astrostomella,corallina,,
Uruguaya,corallioides,"(Bowerbank, 1863)",
Siphonodictyon,coralliphagum,"Rützler, 1971","Rützler, K."
Siphonodictyon,coralliphagum,Rutzler,
Clathria,coralloides,"(Scopoli, 1772)",
Clathrina,coriacea,"(Montagu, 1814)",
Jaspis,coriacea,(Carter),
Spongia,corlosia,"Duchassaing & Michelotti, 1864","Duchassaing, É. P."
Spongia,corlosia,"Duchassaing & Michelotti, 1864","Michelotti, G."
Grantia,coronata,"(Ellis & Solander, 1786)",
Protospongia,coronata,,
Sycon,coronatum,"(Ellis & Solander, 1786)",
Penares,cortius,"de Laubenfels, 1930","de Laubenfels, M. W."
Stioderma,coscinum,Finks,"Finks, R. M."
Hallirhoa,costata,,
Sphenaulax,costata,Goldfuss,"Goldfuss, G. A."
Crambe,crambe,"(Schmidt, 1862)",
Craniella,cranium,"(Muller, 1776)",
Craniella,cranium,"(George & Wilson, 1919)",
Aiolochroia,crassa,"(Hyatt, 1875)",
Dendrospongia,crassa,"Hyatt, 1875",
Isodictya,crassa,"Bowerbank, 1866","Bowerbank, J. S."
Pseudoceratina,crassa,(Hyatt),
Verongia,crassa,"(Hyatt, 1875)",
Haliclona,crassiloba,"(Lamarck, 1814)",
Stelletta,crater,"Dendy, 1924","Dendy, A."
Astylomanon,cratera,"(Roemer, 1848)",
Palaeomanon,cratera,Roemer,
Palaeomanon,cratera,,
Clathria,cratitia,"(Esper, 1797)",
Thalysias,cratitia,"(Esper, 1797)",
Dysidea,crawshayi,"de Laubenfels, 1936","de Laubenfels, M. W."
Cliona,cretacea,,
Stelospongos,cribriformis,Hyatt,
Stelospongos,cribriformis,,
Aciculites,cribrophora,"(Schmidt, 1880)",
Azorica,cribrophora,"Schmidt, 1880","Schmidt, E. O."
Cribrospongia,cribrosa,,
Papillina,cribrosa,"Schmidt, 1870","Schmidt, E. O."
Tuba,crispa,"Duchassaing & Michelotti, 1864","Duchassaing, É. P."
Tuba,crispa,"Duchassaing & Michelotti, 1864","Michelotti, G."
Cryptotethya,crypta,de Laubenfels,"de Laubenfels, M. W."
Neocoelia,crypta,"Vacelet, 1977",
Tectitethya,crypta,"(de Laubenfels, 1949)",
Tethya,crypta,"(de Laubenfels, 1949)",
Vaceletia,crypta,"(Vacelet, 1977)",
Leiochonia,cryptoporosa,,
Corynella,crysanthemum,"Parona, 1933","Parona, C. F."
Geodia,cumulus,"Schmidt, 1870","Schmidt, E. O."
Clathria,curacaoensis,"Arndt, 1927","Arndt, W."
Cervicornia,cuspidifera,"(Lamarck, 1815)",
Spirastrella,cuspidifera,"(Lamarck, 1815)",
Acanthancora,cyanocrypta,"(de Laubenfels, 1930)",
Hymenamphiastra,cyanocrypta,"de Laubenfels, 1930","de Laubenfels, M. W."
Vosmaeropsis,cyanthus,"(Verrill, 1873)",
Protospongia,cyathiformis,,
Dasychalina,cyathina,"de Laubenfels, 1936","de Laubenfels, M. W."
Leucandra,cyathus,"Verrill, 1873","Verrill, A. E."
Clathria,cylindrica,"(Ridley & Dendy, 1886)",
Dictyophyton,cylindrica,,
Dictyospongia,cylindrica,,
Esperiopsis,cylindrica,"Ridley & Dendy, 1886","Ridley, S. O."
Esperiopsis,cylindrica,"Ridley & Dendy, 1886","Dendy, A."
Ircinia,cylindrica,"(Duchassaing & Michelotti, 1864)",
Neohindia,cylindrica,,
Neopetrosia,cylindrica,"(Lamarck, 1815)",
Polytherses,cylindrica,"Duchassaing & Michelotti, 1864","Duchassaing, É. P."
Polytherses,cylindrica,"Duchassaing & Michelotti, 1864","Michelotti, G."
Ectyon,cylindricus,"Carter, 1883","Carter, H. J."
Ophiraphidites,cylindricus,,
Hydriodictya,cylix,Hall & Clarke,
Halichondria,D1,,
Halichondria,D2,,
Receptaculites,dactioloides,,
Axinella,damicornis,"(Esper, 1794)",
Saccospongia,daniellensis,,
Saccospongia,danvillensis,Ulrich,"Ulrich, E. O."
Pasceolus,darwini,,
Pasceolus,darwini,,
Physospongia,dawsoni,(Whitfield),
Coeloptychium,deciminum,"Roemer, 1841","Roemer, F. A."
Siphonia,decipiens,,
Lefroyella,decora,Thompson,"Thompson, C. W."
Microblastidium,decurrens,"Schrammen, 1902","Schrammen, A."
Isodictya,deichmannae,"(de Laubenfels, 1949)",
Hazelia,delicatula,Walcott,"Walcott, C. D."
Protospongia,delicatula,,
Cliona,delitrix,"Pang, 1973","Pang, R. K."
Ancorina,demera,"(de Laubenfels, 1934)",
Ecionemia,demera,"(de Laubenfels, 1934)",
Hezekia,demera,"de Laubenfels, 1934","de Laubenfels, M. W."
Ridleia,dendiia,"de Laubenfels, 1934",
Echinodictyum,dendroides,"Hechtel, 1983","Hechtel, G. J."
Lendenfeldia,dendyi,"(von Lendenfeld, 1889)",
Phyllospongia,dendyi,von Ledendenfeld,"von Ledendenfeld, R."
Ridleia,dendyi,"de Laubenfels, 1934",
Strongylophora,dendyi,"Hechtel, 1969","Hechtel, G. J."
Aulocopium,diademata,,
Monanchora,dianchora,"de Laubenfels, 1935","de Laubenfels, M. W."
Neofolitispa,dianchora,"(de Laubenfels, 1935)",
Doryderma,dichotoma,,
Eudea,dichotoma,"Gabb, 1861","Gabb, W. M."
Doryderma,dichotomum,Bennett,
Lepidolites,dickhanti,,
Ircinia,dickinsoni,"(de Laubenfels, 1936)",
Pattersonia,difficilis,Miller,
Callyspongia,diffusa,"(Ridley, 1884)",
Cladochalina,diffusa,"Ridley, 1884","Ridley, S. O."
Gelliodes,digitalis,(Lamarck),
Niphates,digitalis,"(Lamarck, 1814)",
Spongia,digitalis,"Lamarck, 1814","Lamarck, J. P."
Tuba,digitalis,"(Lamarck, 1814)",
Brachiospongia,digitata,(Owen),
Reniera,digitata,"Schmidt, 1862","Schmidt, E. O."
Jaspis,digonoxea,"(de Laubenfels, 1950)",
Zaplethea,digonoxea,"de Laubenfels, 1950","de Laubenfels, M. W."
Agelas,dilatata,"Duchassaing & Michelotti, 1864","Duchassaing, É. P."
Agelas,dilatata,"Duchassaing & Michelotti, 1864","Michelotti, G."
Pachastrella,dilifera,"de Laubenfels, 1934","de Laubenfels, M. W."
Cliona,dioryssa,"(de Laubenfels, 1950)",
Spirastrella,dioryssa,"de Laubenfels, 1950","de Laubenfels, M. W."
Tethya,diploderma,"Schmidt, 1870","Schmidt, E. O."
Haliclona,diproposia,de Laubenfels,"de Laubenfels, M. W."
Haliclona,diprosopia,"de Laubenfels, 1930","de Laubenfels, M. W."
Xestospongia,diprosopia,"(de Laubenfels, 1930)",
Spongia,discus,,
Spongia,discus,,
Spongia,discus,"Hyatt, 1877","Hyatt, A."
Agelas,dispar,"Duchassaing & Michelotti, 1864","Duchassaing, É. P."
Agelas,dispar,"Duchassaing & Michelotti, 1864","Michelotti, G."
Topsentia,disparilis,"(Lambe, 1893)",
Adrianella,distefanoi,"Parona, 1933","Parona, C. F."
Capromanon,distortum,Rauff,"Rauff, H."
Suberites,distortus,Schmidt,Schmidt
Suberites,domuncula,"(Olivi, 1792)",
Barroisia,dorbignyi,"(Hinde, 1882)",
Haliclona,doria,"de Laubenfels, 1936","de Laubenfels, M. W."
Rhabdocalyptus,dowlingi,"Lambe, 1893","Lambe, L. M."
Staurocalyptus,dowlingi,"(Lambe, 1893)",
Adocia,dubia,"Ristau, 1978","Ristau, D. A."
Colospongia,dubia,,
Dysidea,dubia,"(Hyatt, 1877)",
Dysidea,dubia,"(Hyatt, 1877)",
Oligoceras,dubia,(Hyatt),
Oligoceras,dubia,(Hyatt),
Spongelia,dubia,"Hyatt, 1877","Hyatt, A."
Spongelia,dubia,,
Spongelia,dubia,"Hyatt, 1877","Hyatt, A."
Xestospongia,dubia,"(Ristau, 1978)",
Halisarca,dujardini,"Johnston, 1842",
Stylopegma,dulce,King,"King, P. P."
Peronidella,dumosa,,
Girtycoelia,dunbari,"King, 1943","King, R. E."
Girtyocoelia,dunbari,King,"King, P. P."
Petrosia,dura,(Wilson),
Spongia,dura,"Hyatt, 1877","Hyatt, A."
Spongia,dura,Hyatt,"Hyatt, A."
Pseudoceratina,durissima,"Carter, 1885","Carter, H. J."
Sigmaxinella,durissima,"(Dendy, 1905)",
Sigmaxinella,durissima,"Dendy, 1922","Dendy, A."
Polyfibrospongia,dysodes,"de Laubenfels, 1954","de Laubenfels, M. W."
Smenospongia,dysodes,"(de Laubenfels, 1954)",
Eumastia,E1,,
Chalinula,ecbasis,"(de Laubenfels, 1930)",
Haliclona,ecbasis,"de Laubenfels, 1930","de Laubenfels, M. W."
Acloeodictya,eccentrica,,
Polyfibrospongia,echina,"de Laubenfels, 1934","de Laubenfels, M. W."
Smenospongia,echina,"(de Laubenfels, 1934)",
Dorvillia,echinata,"Verrill, 1874","Verrill, A. E."
Terpios,echinata,"Duchassaing & Michelotti, 1864","Duchassaing, É. P."
Terpios,echinata,"Duchassaing & Michelotti, 1864","Michelotti, G."
Thenea,echinata,"(Verrill, 1874)",
Laxosuberites,ectyoninus,"Topsent, 1900",
Laxsuberites,ectyoninus,,
Protosuberites,ectyoninus,"(Topsent, 1900)",
Sigmadocia,edapha,"(de Laubenfels, 1930)",
Xestospongia,edapha,"(de Laubenfels, 1930)",
Gellius,edaphus,"de Laubenfels, 1930","de Laubenfels, M. W."
Amphimedon,elastica,"(Verrill, 1907)",
Pachychalina,elastica,"Verrill, 1907","Verrill, A. E."
Leucosolenia,eleanor,"Urban, 1906",
Dactylospongia,elegans,"(Thiele, 1899)",
Luffariella,elegans,"Thiele, 1899","Thiele, J."
Receptaculites,elegantulus,"Billings, 1865","Billings, E."
Halichondrites,elissa,Walcott,"Walcott, C. D."
Melonanchora,elliptica,"Carter, 1874","Carter, H. J."
Scyphia,empleura,,
Characella,enae,"(de Laubenfels, 1934)",
Neothenea,enae,"de Laubenfels, 1934",
Haliclona,enamela,"de Laubenfels, 1930","de Laubenfels, M. W."
Prosuberites,epiphytum,"(Lamarck, 1815)",
Protosuberites,epiphytum,"(Lamarck, 1815)",
Spongia,equina,"Schmidt, 1862","Schmidt, E. O."
Spongia,equina,"Hyatt, 1877","Hyatt, A."
Spongia,equina,"Hyatt, 1877","Hyatt, A."
Spongia,equina,"Hyatt, 1877","Hyatt, A."
Spongia,equina,"(Duchassaing & Michelotti, 1864)",
Heteronema,erecta,"Keller, 1889",
Niphates,erecta,"Duchassaing & Michelotti, 1864","Duchassaing, É. P."
Niphates,erecta,"Duchassaing & Michelotti, 1864","Michelotti, G."
Hyrtios,erectus,"(Keller, 1889)",
Amphimedon,erina,"(de Laubenfels, 1936)",
Haliclona,erina,"de Laubenfels, 1936","de Laubenfels, M. W."
Acarnus,erithacus,"de Laubenfels, 1927","de Laubenfels, M. W."
Chancelloria,eros,Walcott,"Walcott, C. D."
Callyspongia,eschrichtii,"Duchassaing & Michelotti, 1864","Duchassaing, É. P."
Callyspongia,eschrichtii,"Duchassaing & Michelotti, 1864","Michelotti, G."
Dysidea,etheria,"de Laubenfels, 1936","de Laubenfels, M. W."
Heteronema,eubamma,"de Laubenfels, 1954","de Laubenfels, M. W."
Clathria,eurypa,"(de Laubenfels, 1954)",
Dictyociona,eurypa,"de Laubenfels, 1954","de Laubenfels, M. W."
Microciona,eurypa,"(de Laubenfels, 1954)",
Hydnoceras,eutheles,,
Astylospongia,excavata,,
Neopetrosia,exigua,"(Kirkpartrick, 1900)",
Xestospongia,exigua,"(Kirkpartrick, 1900)",
Ectenodictya,expansa,Hall,
Seliscothon,explanatum,Goldfuss,"Goldfuss, G. A."
Halichondria,F1,,
Halichondria,F2,,
Halichondria,F3,,
Chirospongia,faberi,,
Farrea,facunda,,
Callyspongia,fallax,"Duchassaing & Michelotti, 1864",
Callyspongia,fallax,"Duchassaing & Michelotti, 1864",
Halichondria,farricea,,
Halichondria,farricea,,
Rhaphidonema,farringdonense,(Jencks),
Pharetrospongia,farringtonensis,,
Raphidonema,farringtonensis,,
Clathria,fasciculata,"Wilson, 1925","Wilson, H. V."
Hircinia,fasciculata,"(Pallas, 1766)",
Ircinia,fasciculata,"(Pallas, 1766)",
Sarcotragus,fasciculatus,"(Pallas, 1766)",
Haliclona,fascigera,"(Hentschel, 1912)",
Siphonochalina,fascigera,"Hentschel, 1912","Hentschel, E."
Ircinia,felix,"(Duchassaing & Michelotti, 1864)",
Polytherses,felix,"Duchassaing & Michelotti, 1864","Duchassaing, É. P."
Polytherses,felix,"Duchassaing & Michelotti, 1864","Michelotti, G."
Aplysina,fenestrata,"(Duchassaing & Michelotti, 1864)",
Clathrospongia,fenestrata,,
Spongia,fenestrata,"Duchassaing & Michelotti, 1864","Duchassaing, É. P."
Spongia,fenestrata,"Duchassaing & Michelotti, 1864","Michelotti, G."
Thenea,fenestrata,,
Amphimedon,ferox,"Duchassaing & Michelotti, 1864","Duchassaing, É. P."
Amphimedon,ferox,"Duchassaing & Michelotti, 1864","Michelotti, G."
Ectyoplasia,ferox,"(Duchassaing & Michelotti, 1864)",
Hemectyon,ferox,"(Duchassaing & Michelotti, 1864)",
Esperella,fibrexilis,"Wilson, 1894","Wilson, H. V."
Mycale,fibrexilis,"(Wilson, 1894)",
Callyspongia,fibrosa,"(Ridley & Dendy, 1886)",
Dasychalina,fibrosa,"Ridley & Dendy, 1886","Ridley, S. O."
Dasychalina,fibrosa,"Ridley & Dendy, 1886","Dendy, A."
Hindia,fibrosa,(Roemer),
Pachychalina,fibrosa,"(Ridley & Dendy, 1886)",
Pilochrota,fibrosa,"(Schmidt, 1870)",
Pilochrota,fibrosa,"Wilson, 1902","Wilson, H. V."
Rhabdastrella,fibrosa,"Hechtel, 1983","Hechtel, G. J."
Topsentia,fibrosa,"(Fristedt, 1887)",
Petrosia,ficiformis,"(Poiret, 1789)",
Choanites,ficus,"(Johnston, 1842)",
Hymeniacidon,ficus,"(Linnaeus, 1766)",
Siphonia,ficus,,
Suberites,ficus,"(Johnston, 1842)",
Tremabolites,filtoni,,
Isodictya,fimbriata,"Bowerbank, 1866","Bowerbank, J. S."
Myxilla,fimbriata,"(Bowerbank, 1866)",
Aplysina,fistularis,"(Pallas, 1766)",
Spongia,fistularis,"Pallas, 1766","Pallas, P. S."
Verongia,fistularis,"(Pallas, 1766)",
Desmacidon,fistulosa,"Bowerbank, 1873","Bowerbank, J. S."
Haliclona,fistulosa,"(Bowerbank, 1866)",
Oceanapia,fistulosa,"(Bowerbank, 1873)",
Rhizochalina,fistulosa,"(Bowerbank, 1873)",
Craticularia,fittoni,Mantell,
Ianthella,flabelliformis,"(Linnaeus, 1766)",
Gellius,flagellifer,"Ridley & Dendy, 1886","Ridley, S. O."
Gellius,flagellifer,"Ridley & Dendy, 1886","Dendy, A."
Gelliodes,flagellifera,"(Ridley & Dendy, 1886)",
Haliclona,flagellifera,"(Ridley & Dendy, 1886)",
Aplysina,flagelliformis,,
Aplysina,flagelliformis,"Wilson, 1902",
Tuponia,flexilis,Walcott,"Walcott, C. D."
Leucetta,floridana,"(Haeckel, 1872)",
Cladorhiza,flosabyssi,"Topsent, 1909","Topsent, E."
Ephydatia,fluviatilis,"(Linnaeus, 1758)",
Meyenia,fluviatilis,"(Linnaeus, 1759)",
Halichondria,foetida,"(Wilson, 1894)",
Tedanione,foetida,"Wilson, 1894","Wilson, H. V."
Carteriospongia,foliascens,"(Pallas, 1766)",
Phyllospongia,foliascens,"(Pallas, 1766)",
Phyllospongia,foliascens,"(Hyatt, 1877)",
Asconema,foliatum,"(Fristedt, 1887)",
Phakellia,folium,"Schmidt, 1870",Schmidt
Forcepia,forcipis,"(Bowerbank, 1866)",
Erylus,formosus,"Sollas, 1886","Sollas, W. J."
Receptaculites,formosus,,
Biemna,fortis,"(Topsent, 1897)",
Perissinella,fosteri,"Hechtel, 1983","Hechtel, G. J."
Ptilocaulis,fosteri,"(Hechtel, 1983)",
Fasciospongia,fovea,,
Plectodermatium,fragile,Schrammen,"Schrammen, A."
Dysidea,fragilis,"(Montagu, 1814)",
Esperiopsis,fragilis,"Verrill, 1907","Verrill, A. E."
Pachychalina,fragilis,Verrill,"Verrill, A. E."
Spongilla,fragilis,"Leidy, 1851","Leidy, J."
Spongilla,friabilis,Carter,
Clathria,frondifera,"(Bowerbank, 1875)",
Desmacidon,fruticosum,"(Montagu, 1814)",
Amphilectus,fucorum,"(Esper, 1794)",
Isodictya,fucorum,"(Esper, 1794)",
Terpios,fugax,"Duchassaing & Michelotti, 1864","Duchassaing, É. P."
Terpios,fugax,"Duchassaing & Michelotti, 1864","Michelotti, G."
Aplysina,fulva,"(Pallas, 1766)",
Verongia,fulva,"(Pallas, 1766)",
Camerospongia,fungiformis,Goldfuss,"Goldfuss, G. A."
Hippalimus,fungoides,,
Receptaculites,fungosus,Hall,
Thrinacophora,funiformis,"Ridley & Dendy, 1886","Ridley, S. O."
Thrinacophora,funiformis,"Ridley & Dendy, 1886","Dendy, A."
Barroisia,furcata,,
Halichondria,G1,,
Halichondrina,G1,,
Halichondria,G2,,
Lysactinella,gebhardi,Girty,"Girty, G. H."
Adocia,gellindra,"de Laubenfels, 1932","de Laubenfels, M. W."
Halichoclona,gellindra,"de Laubenfels, 1932","de Laubenfels, M. W."
Haliclona,gellindra,"(de Laubenfels, 1932)",
Halichondria,genitrix,"(Schmidt, 1870)",
Geodia,gibberosa,"Lamarck, 1815","Lamarck, J. P."
Ciocalapata,gibbsi,"Wells, Wells & Gray, 1960",
Ciocalypta,gibbsi,"(Wells, Wells & Gray, 1960)",
Aplysina,gigantea,"Hyatt, 1875","Hyatt, A."
Verongia,gigantea,,
Verongula,gigantea,"(Hyatt, 1875)",
Pachycothon,giganteum,,
Echinochalina,glabra,"(Ridley & Dendy, 1886)",
Echinoclathria,glabra,"Ridley & Dendy, 1886","Ridley, S. O."
Echinoclathria,glabra,"Ridley & Dendy, 1886","Dendy, A."
Aplysilla,glacialis,"(Merejkowski, 1878)",
Carpospongia,globosa,,
Caryospongia,globosa,(von Eichwald),
Eiffelia,globosa,Walcott,"Walcott, C. D."
Pasceolus,globosus,,
Stelletta,globulariformis,"(Wilson, 1902)",
Porosphaera,globularis,,
Receptaculites,globularis,,
Coscinopora,globulus,,
Scyphia,glomerata,,
Stellispongia,glomerata,,
Gelliodes,gorgoniphila,Verrill,"Verrill, A. E."
Hippospongia,gossypina,"(Duchassaing & Michelotti, 1864)",
Spongia,gossypina,"Duchassaing & Michelotti, 1864","Duchassaing, É. P."
Spongia,gossypina,"Duchassaing & Michelotti, 1864","Michelotti, G."
Vauxia,gracilenta,Walcott,"Walcott, C. D."
Chalina,gracilis,,
Eudea,gracilis,"(Münster, 1841)",
Gelliodes,gracilis,"Hentschel, 1912","Hentschel, E."
Haliclona,gracilis,"(Miklucho-Maclay, 1870)",
Ptilocaulis,gracilis,"Carter, 1883","Carter, H. J."
Biemna,graminea,Burton,"Burton, M."
Spongia,graminea,"Hyatt, 1877","Hyatt, A."
Spongia,graminea,"de Laubenfels & Storr, 1958","de Laubenfels, M. W."
Spongia,graminea,"de Laubenfels & Storr, 1958","Storr, J. F."
Cladorhiza,grandis,"Verrill, 1879","Verrill, A. E."
Gelliodes,grandis,Verrill,"Verrill, A. E."
Phakellia,grandis,Verrill,"Verrill, A. E."
Wapkia,grandis,Walcott,"Walcott, C. D."
Aulocopina,granti,,
Timea,granulata,"Bergquist, 1965","Bergquist, P. R."
Myrmekioderma,granulatum,"(Esper, 1794)",
Polymastia,granulosa,"Bröndsted, 1924","Bröndsted, H. V."
Cnemidium,granulosum,,
Eurypon,graphidiophora,"(Hentschel, 1911)",
Hymeraphia,graphidiophora,"Hentschel, 1911","Hentschel, E."
Craniella,gravata,"(Hyatt, 1878)",
Tetilla,gravata,"(Hyatt, 1877)",
Craniella,gravida,(Hyatt),
Tethya,gravida,"Hyatt, 1877","Hyatt, A."
Tetilla,gravida,,
Prianos,grayi,"Hechtel, 1983","Hechtel, G. J."
Xestospongia,grayi,"(Hechtel, 1983)",
Hindia,gregaria,,
Microspongia,gregaria,,
Raphyrus,griffithsii,Bowerbank,"Bowerbank, J. S."
Strongylacidon,griseum,"(Schmidt, 1870)",
Xytopsues,griseus,"(Schmidt, 1870)",
Biemna,groenlandica,"(Fristedt, 1887)",
Stelletta,grubii,"Schmidt, 1862","Schmidt, E. O."
Chalina,guadalupensis,"(Duchassaing & Michelotti, 1864)",
Spongia,guadelupensis,"Duchassaing & Michelotti, 1864","Duchassaing, É. P."
Spongia,guadelupensis,"Duchassaing & Michelotti, 1864","Michelotti, G."
Ciocalapata,H1,,
Ciocalapata,H2,,
Petrosia,halichondrioides,"Wilson, 1902","Wilson, H. V."
Plakortis,halichondrioides,"(Wilson, 1902)",
Xestospongia,halichondroides,Wilson,"Wilson, A."
Cyclocrinites,halli,,
Pasceolus,halli,,
Astraeospongia,hamiltonensis,"Meek & Worthen, 1866","Meek, F. B."
Astraeospongia,hamiltonensis,"Meek & Worthen, 1866","Worthen, A. H."
Axocielita,hartmani,"Simpson, 1966","Simpson, T. L."
Clathria,hartmani,"(Simpson, 1966)",
Ectyonopsis,hartmani,"(Bakus, 1966)",
Stelotrochota,hartmani,"Bakus, 1966","Bakus, G. J."
Pachastrissa,hartmeyeri,Uliczka,"Uliczka, E."
Penares,hartmeyeri,"(Uliczka, 1929)",
Hymeniacidon,hauraki,Brondsted,Brondsted
Hymeniacidon,haurakii,"Bröndsted, 1924","Bröndsted, H. V."
Stylissa,haurakii,"(Bröndsted, 1924)",
Leucandra,heathi,"Urban, 1905",
Leuconia,heathi,"(Urban, 1905)",
Phorbas,hechteli,"Hajdu & Teixeira, 2011","Hajdu, E."
Phorbas,hechteli,"Hajdu & Teixeira, 2011","Teixeira, J."
Hymeniacidon,heliophila,"(Parker, 1910)",
Mycale,helios,"(Fristedt, 1887)",
Oligoceras,hemorrhages,"de Laubenfels, 1936","de Laubenfels, M. W."
Dysidea,herbacea,"(Keller, 1889)",
Lamellodysidea,herbacea,"(Keller, 1889)",
Cribrospongia,heteromorpha,,
Protospongia,hicksi,"Hinde, 1888","Hinde, G. J."
Diagoniella,hinderi,Walcott,"Walcott, C. D."
Acanthodictya,hispida,,
Mycale,hispida,"(Lambe, 1893)",
Scopalina,hispida,"(Hechtel, 1965)",
Trachyteleia,hispida,"(Bowerbank, 1864)",
Ulosa,hispida,"Hechtel, 1965","Hechtel, G. J."
Suberitechinus,hispidus,"(Bowerbank, 1864)",
Haliclona,hogarthi,"Hechtel, 1965","Hechtel, G. J."
Phloeodictyon,hondurasense,"Carter, 1882","Carter, H. J."
Oceanapia,hondurasensis,"(Carter, 1882)",
Phloeodictyon,hondurasensis,Carter,
Rhizopsis,horrida,,
Brachiospongia,hoveyii,Marsh,
Pleraplysilla,hyalina,"de Laubenfels, 1950","de Laubenfels, M. W."
Pseudosuberites,hyalinus,"(Ridley & Dendy, 1886)",
Hamacantha,hyaloderma,"(de Laubenfels, 1932)",
Zygherpe,hyaloderma,"de Laubenfels, 1932","de Laubenfels, M. W."
Hemectyon,hyle,"de Laubenfels, 1930","de Laubenfels, M. W."
Raspailia,hyle,"(de Laubenfels, 1930)",
Hemectyon,hymani,"Dickinson, 1945",
Raspailia,hymani,"(Dickinson, 1945)",
Thecophora,ibla,"Thomson, 1873",
Leiosella,idia,"(de Laubenfels, 1932)",
Spongia,idia,"de Laubenfels, 1932","de Laubenfels, M. W."
Tedania,ignis,"(Duchassaing & Michelotti, 1864)",
Thalysias,ignis,"Duchassaing & Michelotti, 1864","Duchassaing, É. P."
Thalysias,ignis,"Duchassaing & Michelotti, 1864","Michelotti, G."
Polytherses,ignobilis,"Duchassaing & Michelotti, 1864","Duchassaing, É. P."
Polytherses,ignobilis,"Duchassaing & Michelotti, 1864","Michelotti, G."
Plocamia,igzo,"de Laubenfels, 1930","de Laubenfels, M. W."
Plocamiancora,igzo,"(de Laubenfels, 1930)",
Antho,illgi,"(Bakus, 1966)",
Plocamilla,illgi,"Bakus, 1966","Bakus, G. J."
Astylospongia,imbriacta,,
Astylospongia,imbricata,,
Astylospongia,imbricata,,
Euplectella,imperialis,"Ijima, 1894",
Ectenodictya,implexa,Hall,
Adocia,implexiformis,"Hechtel, 1965","Hechtel, G. J."
Haliclona,implexiformis,"(Hechtel, 1965)",
Astylospongia,incarnata,,
Halichondria,incerta,"Bowerbank, 1866","Bowerbank, J. S."
Tuba,incerta,"Duchassaing & Michelotti, 1864","Duchassaing, É. P."
Tuba,incerta,"Duchassaing & Michelotti, 1864","Michelotti, G."
Astylospongia,inciso,,
Astylospongia,inciso,,
Caryomanon,incisolobatum,,
Halichondria,inconspicua,"Bowerbank, 1866","Bowerbank, J. S."
Siphonia,incrassata,,
Anchinoe,incrustans,"(Carter, 1885)",
Crella,incrustans,"(Carter, 1885)",
Halichondria,incrustans,"Johnston, 1842",
Myxilla,incrustans,"(Johnston, 1842)",
Haliclona,indistincta,(Bowerbank),
Polymastia,infrapilosa,"Topsent, 1927",
Coscinopora,infundibiliformis,,
Axinella,infundibuliformis,"(Linnaeus, 1759)",
Coscinopora,infundibuliformis,Goldfuss,"Goldfuss, G. A."
Desmacella,infundibuliformis,"(Vosmaer, 1885)",
Halichondria,infundibuliformis,"(Linnaeus, 1759)",
Isodictya,infundibuliformis,"(Linnaeus, 1759)",
Receptaculites,infundibuliformis,Eaton,"Eaton, G. F."
Cribrochalina,infundibulum,"Schmidt, 1870","Schmidt, E. O."
Halichondria,infundibulum,,
Acarnus,innominatus,"Gray, 1867","Gray, J. E."
Astylospongia,inornata,Hall,
Desmacella,inornata,"(Bowerbank, 1866)",
Hindia,inornata,"(Hall, 1863)",
Dystactospongia,insolens,,
Aplysina,insularis,"(Duchassaing & Michelotti, 1864)",
Echinoclathria,intermedia,"Whitelegge, 1902","Whitelegge, T."
Placospongia,intermedia,"Sollas, 1888","Sollas, W. J."
Scyphia,intermedia,,
Cyclocrinites,intermedius,,
Nidulites,intermedius,,
Pasceolus,intermedius,,
Hyattella,intestinalis,"(Lamarck, 1814)",
Receptaculites,iowaensis,,
Ischadites,iowensis,(Owen),
Ozarkocoelia,irregularis,Cullison,"Cullison, J. S."
Spongia,irregularis,"(von Lendenfeld, 1889)",
Spongia,irregularis,,
Thorectopsamma,irregularis,"Burton, 1934","Burton, M."
Tuba,irregularis,"Duchassaing & Michelotti, 1864","Duchassaing, É. P."
Tuba,irregularis,"Duchassaing & Michelotti, 1864","Michelotti, G."
Halichondria,isodictyalis,"Carter, 1882","Carter, H. J."
Lissodendoryx,isodictyalis,"(Carter, 1882)",
Hymeniacidon,J2,,
Hymeniacidon,J3,,
Alectona,jamaicensis,"Pang, 1973","Pang, R. K."
Desmacella,jania,"Verrill, 1907","Verrill, A. E."
Cliona,janitrix,Topsent,"Topsent, E."
Reniera,japonica,Kadota,Kadota
Oceanapia,jeffreysii,(Bowerbank),
Hamacantha (Vomerula),johannis,Schmidt,"Schmidt, E. O."
Coelosphaerella,johnsoni,"de Laubenfels, 1934","de Laubenfels, M. W."
Cornulum,johnsoni,"(de Laubenfels, 1934)",
Hamacantha,johnsoni,"(Bowerbank, 1864)",
Hymedesmia,johnsoni,"Bowerbank, 1864","Bowerbank, J. S."
Pachymatisma,johnstonia,"(Bowerbank in Johnston, 1842)",
Euplectella,jovis,Schmidt,"Schmidt, E. O."
Igernella,joyeuxi,"(Topsent, 1889)",
Carpospongia,juglans,,
Caryospongia,juglans,(von Quenstedt),
Clathria,jugosa,"Wilson, 1902","Wilson, H. V."
Clathria,juniperina,"(Lamarck, 1814)",
Microciona,juniperina,(Lamarck),
Pandaros,juniperina,"Duchassaing & Michelotti, 1864","Duchassaing, É. P."
Pandaros,juniperina,"Duchassaing & Michelotti, 1864","Michelotti, G."
Thalysias,juniperina,"(Lamarck, 1814)",
Stauractinella,jurassica,,
Myriastra,kallitetilla,"de Laubenfels, 1936","de Laubenfels, M. W."
Stelletta,kallitetilla,"(de Laubenfels, 1936)",
Strongylacidon,kaneohe,"(de Laubenfels, 1950)",
Xytopsiphum,kaneohe,"de Laubenfels, 1950","de Laubenfels, M. W."
Maeandrostia,kansasensis,,
Antho,karykina,"(de Laubenfels, 1927)",
Plocamia,karykina,"de Laubenfels, 1927","de Laubenfels, M. W."
Spirastrella,keaukaha,"de Laubenfels, 1951","de Laubenfels, M. W."
Psammaplysilla,kelleri,"Wilson, 1925","Wilson, H. V."
Asconema,kentii,"Schmidt, 1880","Schmidt, E. O."
Hyalonema,kentii,"(Schmidt, 1880)",
Asteropus,ketostea,"(de Laubenfels, 1950)",
Stellettinopsis,ketostea,"de Laubenfels, 1950","de Laubenfels, M. W."
Phoriospongia,kirki,(Bowerbank),
Spongia,kirkii,(Hyatt),
Melonanchora,kobjakovae,"Koltun, 1958","Koltun, V. M."
Ischadites,koenigi,,
Ischadites,koenigi,Murchison,"Murchison, R. I."
Siphonia,koenigi,(Mantell),
Haliclona,koremella,"de Laubenfels, 1954","de Laubenfels, M. W."
Cinachyra,kuekenthali,"Uliczka, 1929","Uliczka, E."
Cinachyrella,kuekenthali,"(Uliczka, 1929)",
Callyspongia,laboreli,"Hechtel, 1983","Hechtel, G. J."
Geodia,labyrinthica,"(Kirkpatrick, 1903)",
Placospongia,labyrinthica,"Kirkpatrick, 1903","Kirkpatrick, R."
Reniera,labyrinthica,"Schmidt, 1864","Schmidt, E. O."
Scyphia,labyrinthica,,
Hippospongia,lachne,"(de Laubenfels, 1936)",
Spongia,lacinulosa,"Lamarck, 1814","Lamarck, J. P."
Aplysina,lacunosa,"(Lamarck, 1814)",
Verongia,lacunosa,(Lamarck),
Spongilla,lacustris,"(Linnaeus, 1759)",
Esperia,laevis,"Carter, 1882","Carter, H. J."
Mycale,laevis,"(Carter, 1882)",
Cacospongia,lamellosa,"(Esper, 1794)",
Phyllospongia,lamellosa,"(Esper, 1794)",
Tetilla,laminaris,"George & Wilson, 1919",
Cliona,lampa,"de Laubenfels, 1950","de Laubenfels, M. W."
Pione,lampa,"(de Laubenfels, 1950)",
Desmacella,lampra,"de Laubenfels, 1954","de Laubenfels, M. W."
Cliona,langae,"Pang, 1973","Pang, R. K."
Cercidochela,lankesteri,"Kirkpatrick, 1907","Kirkpatrick, R."
Isodictya,lankesteri,"(Kirkpatrick, 1907)",
Coscinoderma,lanuga,"de Laubenfels, 1936","de Laubenfels, M. W."
Spongia,lapidescens,"Duchassaing & Michelotti, 1864","Duchassaing, É. P."
Spongia,lapidescens,"Duchassaing & Michelotti, 1864","Michelotti, G."
Spongia,lapidescens,"Hyatt, 1877","Hyatt, A."
Spongia,lapidescens,"Hyatt, 1877","Hyatt, A."
Spongia,lapidescens,,
Spongia,lapidescens,,
Cliona,laticavicola,"Pang, 1973","Pang, R. K."
Cliona,laticavicola,"Pang, 1973","Pang, R. K."
Cliona,laticavicola,"Pang, 1973","Pang, R. K."
Acamas,laxissima,"Duchassaing & Michelotti, 1864","Duchassaing, É. P."
Acamas,laxissima,"Duchassaing & Michelotti, 1864","Michelotti, G."
Mycale,laxissima,"(Duchassaing & Michelotti, 1864)",
Phyllospongia,lekanis,"de Laubenfels, 1954","de Laubenfels, M. W."
Pleurostoma,lesnearii,,
Walteria,leuckarti,"Ijima, 1896",
Walteria,leuckharti,,
Stelospongia,levis,"Hyatt, 1877","Hyatt, A."
Stelospongos,levis,"Hyatt, 1877","Hyatt, A."
Spongia,lignea,Hyatt,
Spongia,lignea,"Hyatt, 1877","Hyatt, A."
Spongia,lignea,"Hyatt, 1877","Hyatt, A."
Dysidea,ligneana,"(Hyatt, 1877)",
Spongelia,ligneana,"Hyatt, 1877","Hyatt, A."
Spongia,ligneana,"(Hyatt, 1877)",
Takakkawia,lineata,Walcott,"Walcott, C. D."
Tuba,lineata,"Duchassaing & Michelotti, 1864","Duchassaing, É. P."
Tuba,lineata,"Duchassaing & Michelotti, 1864","Michelotti, G."
Hymeniacidon,lingua,"Bowerbank, 1866","Bowerbank, J. S."
Mycale,lingua,"(Bowerbank, 1866)",
Raphiodesma,lingua,"Bowerbank, 1866","Bowerbank, J. S."
Scypha,lingua,"Haeckel, 1872",
Sycon,lingua,"(Haeckel, 1870)",
Polytherses,linguiformis,"Duchassaing & Michelotti, 1864","Duchassaing, É. P."
Polytherses,linguiformis,"Duchassaing & Michelotti, 1864","Michelotti, G."
Paratetilla,lipotriaena,"de Laubenfels, 1954","de Laubenfels, M. W."
Mycale,lissochela,"Bergquist, 1965","Bergquist, P. R."
Antho,lithophoenix,"(de Laubenfels, 1927)",
Isociona,lithophoenix,"de Laubenfels, 1927","de Laubenfels, M. W."
Cliona,lobata,"Hancock, 1849","Hancock, A."
Euryspongia,lobata,"Bergquist, 1965","Bergquist, P. R."
Phakellia,lobata,"Wilson, 1902",
Coeloptychium,lobatum,,
Amphilectus,lobatus,"(Montagu, 1814)",
Suberites,lobatus,"(Wilson, 1902)",
Oscarella,lobularis,"(Schmidt, 1862)",
Stauroderma,lochensis,,
Tethya,logani,"Dawson, 1857","Dawson, W."
Chondrilla,longissima,Bowerbank,"Bowerbank, J. S."
Stylocordyla,longissima,"(Sars, 1872)",
Verongia,longissima,(Carter),
Haliclona,longleyi,"de Laubenfels, 1932","de Laubenfels, M. W."
Neopetrosia,longleyi,"(de Laubenfels, 1932)",
Cyatophora,longueti,,
Chalinula,loosanoffi,"(Hartman, 1958)",
Haliclona,loosanoffi,"Hartman, 1958","Hartman, W. D."
Pandaros,lugubris,"Duchassaing & Michelotti, 1864","Duchassaing, É. P."
Pandaros,lugubris,"Duchassaing & Michelotti, 1864","Michelotti, G."
Axinella,lunaecharta,Ridley & Dendy,
Dragmacidon,lunaecharta,"(Ridley & Dendy, 1886)",
Haliclona,lunisimilis,"de Laubenfels, 1930","de Laubenfels, M. W."
Niphates,lunisimilis,"(de Laubenfels, 1930)",
Pachychalina,lunisimilis,"(de Laubenfels, 1930)",
Halichondria,lutea,,
Eudea,lycopordioides,,
Hymendectyon,lyoni,"Bakus, 1966","Bakus, G. J."
Plocamionida,lyoni,"(Bakus, 1966)",
Brachiospongia,lyonii,Marsh,
Uruguaya,macandrewi,"Hinde, 1888","Hinde, G. J."
Uruguayella,macandrewi,"(Hinde, 1888)",
Geodia,macandrewii,"Bowerbank, 1858",
Chrotella,macellata,Sollas,"Sollas, W. J."
Mycale,macginitiei,"de Laubenfels, 1930","de Laubenfels, M. W."
Guancha,macleayi,"(von Lendenfeld, 1885)",
Leucosolenia,macleayi,von Ledendenfeld,"von Ledendenfeld, R."
Callyspongia,macrodactyla,"(Ridley, 1884)",
Haliclona,macrodactyla,"(Ridley, 1884)",
Raphidonema,macropora,"(Sharpe, 1854)",
Quepanetsal,madidus,"de Laubenfels, 1954","de Laubenfels, M. W."
Xestospongia,madidus,"(de Laubenfels, 1954)",
Spinosella,magistoma,Verrill,"Verrill, A. E."
Halichondria,magniconulosa,"Hechtel, 1965","Hechtel, G. J."
Calathospongia,magnifica,,
Polymastia,mamillaris,"(Müller, 1806)",
Seliscothon,mantelli,,
Spongia,manus,"Duchassaing & Michelotti, 1864","Duchassaing, É. P."
Spongia,manus,"Duchassaing & Michelotti, 1864","Michelotti, G."
Porospongia,marginata,"(Goldfuss, 1826)",
Scyphia,marginata,,
Ptilocaulis,marquezii,"(Duchassaing & Michelotti, 1864)",
Spongia,marquezii,"Duchassaing & Michelotti, 1864","Duchassaing, É. P."
Spongia,marquezii,"Duchassaing & Michelotti, 1864","Michelotti, G."
Acloeodictya,marsipus,,
Fibularia,massa,"Carter, 1882","Carter, H. J."
Fibulia,massa,"Carter, 1882","Carter, H. J."
Neofibularia,massa,"(Carter, 1882)",
Petrobiona,massiliana,Vacelet & Levi,
Penares,mastoidea,"(Schmidt, 1880)",
Stelletta,mastoidea,"Schmidt, 1880","Schmidt, E. O."
Acanthella,mastophora,"(Schmidt, 1870)",
Axinella,mastophora,"Schmidt, 1870","Schmidt, E. O."
Clathria,maunaloa,"(de Laubenfels, 1951)",
Microciona,maunaloa,"de Laubenfels, 1951","de Laubenfels, M. W."
Agelas,mauritiana,"(Carter, 1883)",
Spinosella,maxima,"Dendy, 1887","Dendy, A."
Polyfibrospongia,maynardi,"(Hyatt, 1877)",
Smenospongia,maynardii,"(Hyatt, 1877)",
Tethya,maza,"Selenka, 1879","Selenka, E."
Sarcomella,medusa,,
Biemna,megalosigma,"Hentschel, 1912","Hentschel, E."
Diplastrella,megastellata,"Hechtel, 1965","Hechtel, G. J."
Tremabolites,megastoma,Roemer,
Geodia,megastrella,"Carter, 1876",
Thorectopsamma,mela,"de Laubenfels, 1954","de Laubenfels, M. W."
Halichondria,melanadocia,"de Laubenfels, 1936","de Laubenfels, M. W."
Pseudosuberites,melanos,"de Laubenfels, 1934",
Placospongia,melobesioides,"Gray, 1867","Gray, J. E."
Astraeospongia,menisca,,
Astraeospongia,meniscus,Rohmer,
Astraeospongium,meniscus,(Romer),
Axinyssa,mertoni,"(Hentschel, 1912)",
Dactylospongia,metachromia,"(de Laubenfels, 1954)",
Hippospongia,metachromia,"de Laubenfels, 1954","de Laubenfels, M. W."
Spongilla,meyeni,Carter,
Elasmostoma,michelini,,
Microciona,microchela,"Hechtel, 1965","Hechtel, G. J."
Verongia,microconulosa,Hechtel,"Hechtel, G. J."
Clathria,microjoanna,"(de Laubenfels, 1930)",
Microciona,microjoanna,"de Laubenfels, 1930","de Laubenfels, M. W."
Stromatospongia,micronesica,"Hartman & Goreau, 1976","Hartman, W. D."
Stromatospongia,micronesica,"Hartman & Goreau, 1976","Goreau, T. F."
Amphimedon,micropora,"(Verrill, 1907)",
Pachychalina,micropora,"Verrill, 1907","Verrill, A. E."
Mycale,microsigmatosa,"Arndt, 1927","Arndt, W."
Biemna,microstyla,"de Laubenfels, 1950","de Laubenfels, M. W."
Tetilla,microxea,"Bergquist, 1965","Bergquist, P. R."
Cylindrophyma,milleporata,,
Archaeoscyphia,minganensis,(Billings),
Hispidopetra,miniana,"Hartman, 1969","Hartman, W. D."
Pachychalina,miniata,Verrill,"Verrill, A. E."
Erylus,ministrongylus,"Hechtel, 1965","Hechtel, G. J."
Leucetta,mircoraphis,"Haeckel, 1872","Haeckel, E. H."
Higginsia,mixta,"Hentschel, 1912","Hentschel, E."
Timea,mixta,"Topsent, 1896","Topsent, E."
Cleodictya,mohri,,
Chalinula,molitba,"(de Laubenfels, 1949)",
Haliclona,molitba,"de Laubenfels, 1949","de Laubenfels, M. W."
Amphimedon,mollis,"Wilson, 1902","Wilson, H. V."
Pachychalina,mollis,"Wilson, 1902","Wilson, H. V."
Spirastrella,mollis,"Verrill, 1907","Verrill, A. E."
Rhabderemia,mona,"(de Laubenfels, 1934)",
Stylospira,mona,"de Laubenfels, 1934","de Laubenfels, M. W."
Plakina,monolopha,"Schulze, 1880","Schulze, F. E."
Protospongia,mononema,Dawson,"Dawson, C. E."
Siphonochalina,montagui,,
Receptaculites,monticulatus,Hall,
Liosina,monticulosa,"(Verrill, 1907)",
Ulosa,monticulosa,"(Verrill, 1907)",
Neofibularia,mordens,"Hartman, 1967","Hartman, W. D."
Scolopes,moseleyi,"Sollas, 1888","Sollas, W. J."
Siphonodictyon,mucosa,"Bergquist, 1965","Bergquist, P. R."
Darwinella,muelleri,"(Schultze, 1865)",
Ephydatia,muelleri,"(Lieberkühn, 1856)",
Darwinella,mulleri,(Schulze),
Jereica,multiformis,,
Siphonotrochus,multiporatus,,
Pirania,muricata,Walcott,"Walcott, C. D."
Thenea,muricata,"(Bowerbank, 1858)",
Hyrtios,musciformis,"Duchassaing & Michelotti, 1864","Duchassaing, É. P."
Hyrtios,musciformis,"Duchassaing & Michelotti, 1864","Michelotti, G."
Hystios,musciformis,(Duchassaing & Michelotti),
Smenospongia,musicalis,"(Duchassaing & Michelotti, 1864)",
Schmidtia,muta,"Schmidt, 1870","Schmidt, E. O."
Xestospongia,muta,"(Schmidt, 1870)",
Tetilla,mutabilis,"de Laubenfels, 1930","de Laubenfels, M. W."
Carteriospongia,mystica,Hyatt,
Hiattrochota,mystile,"de Laubenfels, 1954","de Laubenfels, M. W."
Ophiraphidites,n. sp.,,
Axinella,nanaspiculata,"Hartman, 1955","Hartman, W. D."
Adocia,neens,Topsent,"Topsent, E."
Chalinula,nematifera,"(de Laubenfels, 1954)",
Nara,nematifera,"de Laubenfels, 1954","de Laubenfels, M. W."
Poterion,neptuni,"Schlegel, 1858","Schlegel, H."
Receptaculites,neptuni,,
Virgola,neptunia,,
Ceratoporella,nicholsoni,"(Hickson, 1911)",
Dendrilla,nigra,"(Dendy, 1889)",
Spongionella,nigra,"Dendy, 1889","Dendy, A."
Tedania,nigrescens,"(Schmidt, 1862)",
Iophon,nigricans,"(Bowerbank, 1858)",
Spongia,nitens,(Schmidt),
Oceanapia,nodosa,"(George & Wilson, 1919)",
Cystothalamia,nodulifera,"Girty, 1908","Girty, G. H."
Oceanapia,nodulosa,"(Hechtel, 1983)",
Rhizochalina,nodulosa,"Hechtel, 1983","Hechtel, G. J."
Spongites,nodulosus,,
Neofibularia,nolitangera,(Duchassaing & Michelotti),
Amphimedon,nolitangere,"Duchassaing & Michelotti, 1864","Duchassaing, É. P."
Amphimedon,nolitangere,"Duchassaing & Michelotti, 1864","Michelotti, G."
Fibularia,nolitangere,"(Duchassaing & Michelotti, 1864)",
Fibulia,nolitangere,,
Neofibularia,nolitangere,"(Duchassaing & Michelotti, 1864)",
Neofibularia,nolitangere,"Hartman, 1967","Hartman, W. D."
Neofibularia,nolitangere,"Hartman, 1967","Hartman, W. D."
Neofibularia,nolitangere,"Hartman, 1967","Hartman, W. D."
Stromatospongia,norae,"Hartman, 1969","Hartman, W. D."
Merlia,normani,"Kirkpatrick, 1908",Kirkpatrick
Euryades,notabilis,"Duchassaing & Michelotti, 1864","Duchassaing, É. P."
Euryades,notabilis,"Duchassaing & Michelotti, 1864","Michelotti, G."
Igernella,notabilis,"(Duchassaing & Michelotti, 1864)",
Ophiraphidites,nov. gen.,,
Biemna,novaezealandiae,"Dendy, 1924","Dendy, A."
Calthropella,novaezealandiae,"(Bergquist, 1961)",
Corticellopsis,novaezealandiae,"(Bergquist, 1961)",
Lissodendoryx,noxiosa,"de Laubenfels, 1930","de Laubenfels, M. W."
Discodermia,nucerium,,
Chondrilla,nucula,"Schmidt, 1862","Schmidt, E. O."
Leucilla,nuttingii,"(Urban, 1902)",
Rhabdodermella,nuttingii,"Urban, 1902",
Dendrilla,nux,"de Laubenfels, 1950","de Laubenfels, M. W."
Dictyodendrilla,nux,"(de Laubenfels, 1950)",
Sympagella,nux,"Schmidt, 1870","Schmidt, E. O."
Clathria,obliqua,"(George & Wilson, 1919)",
Spongia,obliqua,"Duchassaing & Michelotti, 1864","Duchassaing, É. P."
Spongia,obliqua,"Duchassaing & Michelotti, 1864","Michelotti, G."
Tenaciella,obliqua,"(George & Wilson, 1919)",
Hazelia,obscura,Walcott,"Walcott, C. D."
Plococoelia,obscura,,
Tedanione,obscurata,de Laubenfels,"de Laubenfels, M. W."
Chalina,obtusispiculifera,"Dendy, 1905","Dendy, A."
Niphates,obtusispiculifera,"(Dendy, 1905)",
Receptaculites,occidentalis,,
Haliclona,occulata,,
Strephochetus,ocellatus,"Seely, 1885","Seely, H. M."
Chalina,oculata,"(Linnaeus, 1759)",
Haliclona,oculata,"(Linnaeus, 1759)",
Haliclona,oculata,"(Linnaeus, 1759)",
Haliclona,oculata,"(Verrill, 1873)",
Euspongia,officinalis,,
Spongia,officinalis,"Linnaeus, 1759","Linnaeus, C."
Spongia,officinalis,"Hyatt, 1877","Hyatt, A."
Ischadites,ohioensis,Hall & Whitfield,
Receptaculites,ohioensis,,
Cribrochalina,olemda,"de Laubenfels, 1954","de Laubenfels, M. W."
Niphates,olemda,"(de Laubenfels, 1954)",
Oceanapia,oleracea,"(Schmidt, 1870)",
Rhizochalina,oleracea,"Schmidt, 1870","Schmidt, E. O."
Jereica,oligostoma,,
Topsentia,ophiraphidites,"(de Laubenfels, 1934)",
Viles,ophiraphidites,"de Laubenfels, 1934",
Receptaculites,orbis,,
Axocielita,originalis,"(de Laubenfels, 1930)",
Clathria,originalis,"(de Laubenfels, 1930)",
Esperiopsis,originalis,"de Laubenfels, 1930","de Laubenfels, M. W."
Stolleya,ornatissima,,
Agelas,oroides,"(Schmidt, 1864)",
Ircinia,oros,(Schmidt),
Stereodictyum,orthoplectum,Finks,"Finks, R. M."
Carteriospongia,otahitica,Esper,"Esper, E. J."
Spheciospongia,othella,"de Laubenfels, 1950","de Laubenfels, M. W."
Mycale,ovulum,"(Schmidt, 1870)",
Receptaculites,oweni,Hall,
Didiscus,oxeata,"Hechtel, 1983","Hechtel, G. J."
Polymastia,pachymastia,"de Laubenfels, 1932","de Laubenfels, M. W."
Hippospongia,pacifica,"(Hyatt, 1877)",
Taonura,pala,"(Lamarck, 1814)",
Callyspongia,pallida,"Hechtel, 1965","Hechtel, G. J."
Dactylia,palmata,"Carter, 1885","Carter, H. J."
Hazelia,palmata,Walcott,"Walcott, C. D."
Isodictya,palmata,"(Ellis & Solander, 1786)",
Spongelia,palmata,"Hyatt, 1877","Hyatt, A."
Spongia,palmata,Hyatt,
Neopetrosia,pandora,"de Laubenfels, 1954","de Laubenfels, M. W."
Halichondria,panicea,(Pallas),
Halichondria,panicea,"(Pallas, 1766)",
Iphiteon,panicea,Bowerbank,"Bowerbank, J. S."
Ophlitaspongia,papilla,"Bowerbank, 1866","Bowerbank, J. S."
Geodia,papyracea,"Hechtel, 1965","Hechtel, G. J."
Siphonochalina,papyracea,"Schmidt, 1870","Schmidt, E. O."
Siphonochalina,papyracea,"(Lamarck, 1814)",
Siphonochalina,papyracea,Duchassaing & Michelotti,
Myxilla,parasitica,"Lambe, 1893","Lambe, L. M."
Mycale,parishi,"(Bowerbank, 1875)",
Esperella,parishii,"(Bowerbank, 1875)",
Mycale,parishii,"(Bowerbank, 1875)",
Mycale,parishii,"(Bowerbank, 1875)",
Rhaphiodesma,parishii,"Bowerbank, 1875","Bowerbank, J. S."
Zygomycale,parishii,"(Bowerbank, 1875)",
Chenendopora,parkinsoni,,
Clathria,parthena,"(de Laubenfels, 1930)",
Microciona,parthena,"de Laubenfels, 1930","de Laubenfels, M. W."
Microtylostylifer,partida,"Dickinson, 1945","Dickinson, M. G."
Hindia,parva,,
Hyalotragos,patella,,
Cliona,patera,"(Hardwicke, 1820)",
Lecanella,pateraeformis,,
Biemna,peachii,"(Bowerbank, 1866)",
Desmacella,peachii,"(Bowerbank, 1866)",
Desmacidon,peachii,"Bowerbank, 1866","Bowerbank, J. S."
Isodictya,peachii,"Bowerbank, 1866","Bowerbank, J. S."
Endectyon,pearsi,"(Wells, Wells & Gray, 1960)",
Hemectyon,pearsi,"Wells, Wells & Gray, 1960",
Receptaculites,pedunculatus,Twenhofel,"Twenhofel, W. H."
Haliclona,pellasarca,"de Laubenfels, 1934",
Petrosia,pellasarca,"(de Laubenfels, 1934)",
Foliolina,peltata,"Schmidt, 1870","Schmidt, E. O."
Oceanapia,peltata,"(Schmidt, 1870)",
Clathria,pennata,"(Lambe, 1895)",
Ophlitaspongia,pennata,"(Lambe, 1895)",
Ophlitaspongia,pennata,"de Laubenfels, 1932","de Laubenfels, M. W."
Pandaros,pennata,"Duchassaing & Michelotti, 1864","Duchassaing, É. P."
Pandaros,pennata,"Duchassaing & Michelotti, 1864","Michelotti, G."
Echinodictyum,pennatum,"(Duchassaing & Michelotti, 1864)",
Trochospongilla,pennsylvanica,"(Potts, 1882)",
Cliona,peponaca,"Pang, 1973","Pang, R. K."
Lysactinella,pereglans,Girty,"Girty, G. H."
Suberites,perfectus,"Ridley & Dendy, 1886","Ridley, S. O."
Suberites,perfectus,"Ridley & Dendy, 1886","Dendy, A."
Eudea,perforata,,
Aplysina,pergamentacea,"Hechtel, 1983","Hechtel, G. J."
Callyspongia,pergamentacea,"(Ridley, 1881)",
Manon,periza,,
Hymeniacidon,perlevis,"(Montagu, 1818)",
Haliclona,permollis,"(Bowerbank, 1866)",
Sphaerospongia,permotessellata,"Parona, 1933","Parona, C. F."
Aaptos,pernucleata,"(Carter, 1870)",
Myxilla,perspinosa,"Lundbeck, 1905","Lundbeck, W."
Plocoscyphia,pertusa,,
Scyphia,pertusa,,
Spongia,pertusa,"Hyatt, 1877","Hyatt, A."
Manon,perziza,,
Regadrella,petri-jacobi,,
Murrayona,phanolepis,"Kirkpatrick, 1910",Kirkpatrick
Euryspongia,phlogera,"de Laubenfels, 1954","de Laubenfels, M. W."
Regadrella,phoenix,,
Hydnoceras,phymatodes,Hall & Clarke,
Fasciospongia,pikei,"(Hyatt, 1877)",
Stelospongos,pikei,"Hyatt, 1877","Hyatt, A."
Chalinopsilla,pilosa,"Wilson, 1902","Wilson, H. V."
Spongia,pilosa,"(Wilson, 1902)",
Spongia,pilosa,"(Wilson, 1902)",
Folitispa,pingens,"de Laubenfels, 1954","de Laubenfels, M. W."
Tragos,pisiformis,,
Pseudaxinyssa,pitys,"de Laubenfels, 1954","de Laubenfels, M. W."
Spongia,plana,"Hyatt, 1877","Hyatt, A."
Spongites,plana,,
Seliscothon,planum,,
Hexadella,pleochromata,"de Laubenfels, 1950","de Laubenfels, M. W."
Cnemidiastrum,pleuristellatum,,
Cnemidiastrum,pleurostellatum,Zittel,
Gelliodes,plexa,"Lundbeck, 1902","Lundbeck, W."
Callyspongia,plicifera,"(Lamarck, 1814)",
Patuloscula,plicifera,"(Lamarck, 1814)",
Spinosella,plicifera,"(Lamarck, 1814)",
Tuba,plicifera,"(Lamarck, 1814)",
Spongilla,plumosa,Carter,
Calyx,podatypa,"(de Laubenfels, 1934)",
Axinella,polycapella,"de Laubenfels, 1953","de Laubenfels, M. W."
Abyssocladia,polycephalus,"Hestetun, Pomponi, & Rapp, 2016",
Prismodictya,polyhedra,,
Ciocalypta,polymastia,"(von Lendenfeld, 1888)",
Rhizospongia,polymorpha,,
Procorallistes,polymorphus,,
Protospongia,polynema,,
Tremadictyon,polyomata,,
Axinella,polypoides,"Schmidt, 1862","Schmidt, E. O."
Aplysilla,polyraphis,"de Laubenfels, 1930","de Laubenfels, M. W."
Jereica,polystoma,,
Hamacantha,popana,"(de Laubenfels, 1935)",
Hypsispongia,popana,"de Laubenfels, 1935","de Laubenfels, M. W."
Pharetrospongia,porcana,,
Spongosorites,porites,"de Laubenfels, 1949","de Laubenfels, M. W."
Astylospongia,praemorsa,Roemer,
Astylospongia,praemorsa,Hall,
Astylospongia,praemorsa,,
Astylospongia,praemorsa,,
Pachastrella,primaeva,,
Callyspongia,procumbens,"(Carter, 1882)",
Craticularia,procumbens,Goldfuss,"Goldfuss, G. A."
Patuloscula,procumbens,"Carter, 1882",
Siphonochalina,procumbens,"(Carter, 1882)",
Clathria,prolifera,"(Ellis & Solander, 1786)",
Clathria,prolifera,"(Ellis & Solander, 1786)",
Microciona,prolifera,"(Ellis & Solander, 1786)",
Amblysiphonella,prosseri,Clarke,"Clarke, J. M."
Hyrtios,proteus,"Duchassaing & Michelotti, 1864","Duchassaing, É. P."
Hyrtios,proteus,"Duchassaing & Michelotti, 1864","Michelotti, G."
Neopetrosia,proxima,"(Duchassaing & Michelotti, 1864)",
Thalysias,proxima,"Duchassaing & Michelotti, 1864","Duchassaing, É. P."
Thalysias,proxima,"Duchassaing & Michelotti, 1864","Michelotti, G."
Clathria,pseudonapya,"(de Laubenfels, 1930)",
Clathriopsamma,pseudonapya,"de Laubenfels, 1930","de Laubenfels, M. W."
Mycale,psila,"(de Laubenfels, 1930)",
Paresperella,psila,"de Laubenfels, 1930","de Laubenfels, M. W."
Aciculites,pulchra,"Dendy, 1924","Dendy, A."
Monanchora,pulchra,"(Lambe, 1895)",
Dactylocalyx,pumiceus,"Stutchbury, 1841","Stutchbury, S."
Halichondria,punctata,Bergquist,"Bergquist, P. R."
Jerea,punctata,,
Jereica,punctata,Goldfuss,"Goldfuss, G. A."
Siphonia,punctata,,
Druinella,pupurea,"(Carter, 1880)",
Atergia,purpurea,"de Laubenfels, 1954","de Laubenfels, M. W."
Hircinia,purpurea,"Hyatt, 1877","Hyatt, A."
Psammaplysilla,purpurea,"(Carter, 1880)",
Pseudoceratina,purpurea,"(Carter, 1880)",
Spheciospongia,purpurea,"(Lamarck, 1815)",
Pseudosuberites,purpureus,"(de Laubenfels, 1954)",
Astylospongia,pursa,,
Spongia,pursa,,
Raphidonema,pustulata,,
Rhizaxinella,pyrifera,(Delle Chiaje),
Jerea,pyriformis,,
Siphonia,pyriformis,,
Okadaia,quarta,de Laubenfels,"de Laubenfels, M. W."
Esperiopsis,quatsinoensis,"Lambe, 1893","Lambe, L. M."
Isodictya,quatsinoensis,"(Lambe, 1893)",
Corynella,quenstedti,,
Polyblastidium,racemosum,(Schmidt),
Carteriospongia,radiata,"Hyatt, 1877","Hyatt, A."
Phyllospongia,radiata,"(Hyatt, 1877)",
Retispongia,radiata,,
Siphonia,radiata,,
Ventriculites,radiatus,"Mantell, 1822","Mantell, G. A."
Hippalimus,radiciformis,,
Scytalia,radiciformis,,
Callyspongia,ramosa,"(Gray, 1843)",
Doryderma,ramosa,Mantell,
Druinella,ramosa,"Thiele, 1899","Thiele, J."
Fibularia,ramosa,"Carter, 1882","Carter, H. J."
Gelliodes,ramosa,"(Carter, 1882)",
Heliospongia,ramosa,,
Hircinia,ramosa,"de Laubenfels, 1934","de Laubenfels, M. W."
Ircinia,ramosa,"(Keller, 1889)",
Jereina,ramosa,Finks,"Finks, R. M."
Stachyspongia,ramosa,,
Anchinoe,ramosus,"Hechtel, 1983","Hechtel, G. J."
Phorbas,ramosus,"(Hechtel, 1983)",
Spongites,ramosus,,
Strongylophora,rampa,"de Laubenfels, 1934",
Xestospongia,rampa,"(de Laubenfels, 1934)",
Acanthochaetetes,ramulosus,"(Michelin, 1846)",
Sycon,raphanus,"Schmidt, 1862","Schmidt, E. O."
Coelosphaera,raphidifera,"(Topsent, 1889)",
Coelosphaera,raphidifera,"Hechtel, 1969","Hechtel, G. J."
Clathria,rarispinosa,"(Hechtel, 1965)",
Microciona,rarispinosa,"Hechtel, 1965","Hechtel, G. J."
Hymedesanisochela,rayae,"Bakus, 1966","Bakus, G. J."
Iophon,rayae,"(Bakus, 1966)",
Anacanthaea,rea,"de Laubenfels, 1934","de Laubenfels, M. W."
Myrmekioderma,rea,"(de Laubenfels, 1934)",
Spongelia,rectilinea,,
Spongelia,rectilinea,"Hyatt, 1877","Hyatt, A."
Spinosella,regularis,Verrill,"Verrill, A. E."
Heteromeyenia,repens,"(Potts, 1880)",
Parites,repens,,
Thalysias,repens,"Carter, 1882","Carter, H. J."
Axinella,reticulata,Ridley and Dendy,
Cyathodictya,reticulata,Walcott,"Walcott, C. D."
Dragmacidon,reticulatum,"(Ridley & Dendy, 1886)",
Tremadictyon,reticulatum,,
Cyathophycus,reticulatus,Walcott,"Walcott, C. D."
Tremadictyon,retinaculum,,
Biemna,rhabderemioides,"Bergquist, 1961","Bergquist, P. R."
Dactylella,rhaphoxea,"de Laubenfels, 1934","de Laubenfels, M. W."
Lipastrotethya,rhaphoxea,"(de Laubenfels, 1934)",
Aplysinella,rhax,"(de Laubenfels, 1954)",
Dysidea,rhax,"de Laubenfels, 1954","de Laubenfels, M. W."
Ischadites,rhomboidalis,Twenhofel,"Twenhofel, W. H."
Ischadites,rhomboideus,Twenhofel,"Twenhofel, W. H."
Dendoricella,rhopalum,"Lundbeck, 1905","Lundbeck, W."
Mycale,richardsoni,"Bakus, 1966","Bakus, G. J."
Callyspongia,ridleyi,"Burton, 1934","Burton, M."
Hyalotragos,rimuloseum,,
Cnemidiastrum,rimulosum,,
Cliona,robusta,"Old, 1941",
Ephydatia,robusta,"(Potts, 1888)",
Meyenia,robusta,"Potts, 1888","Potts, E."
Oceanapia,robusta,(Bowerbank),
Phakellia,robusta,"Bowerbank, 1866","Bowerbank, J. S."
Pione,robusta,"(Old, 1941}",
Polymastia,robusta,"Bowerbank, 1866","Bowerbank, J. S."
Brachiospongia,roemerana,Marsh,
Doryderma,roemeri,Hinde,"Hinde, G. J."
Eospongia,roemeri,(Billings),
Lyrodictya,romingeri,,
Eudea,rosa,"Laube, 1864","Laube, G. C."
Axinella,rosacea,"Verrill, 1907","Verrill, A. E."
Darwinella,rosacea,"Hechtel, 1965","Hechtel, G. J."
Pseudaxinella,rosacea,"(Verrill, 1907)",
Biemma,rosea,,
Biemna,rosea,"(Fristedt, 1887)",
Desmacella,rosea,"Fristedt, 1887","Fristedt, K."
Euryspongia,rosea,"de Laubenfels, 1936","de Laubenfels, M. W."
Myrmecidium,rotula,,
Myrmecium,rotula,,
Spongites,rotula,,
Ochridaspongia,rotunda,Arndt,"Arndt, W."
Haliclona,rubens,"(Pallas, 1766)",
Pachychalina,rubens,"(Pallas, 1766)",
Axinella,rudis,"Verrill, 1907","Verrill, A. E."
Dystactospongia,rudis,,
Homaxinella,rudis,"(Verrill, 1907)",
Pandaros,rudis,Verrill,"Verrill, A. E."
Saccospongia,rudis,,
Tremadictyon,rugatum,von Quenstedt,"von Quenstedt, F. A."
Cypellia,rugosa,"(Goldfuss, 1826)",
Lepidospongia,rugosa,"Schluter, 1870","Schluter, C. A."
Scyphia,rugosa,,
Thalysias,rugosa,"Duchassaing & Michelotti, 1864","Duchassaing, É. P."
Thalysias,rugosa,"Duchassaing & Michelotti, 1864","Michelotti, G."
Heteromeyenia,ryderi,"Potts, 1882","Potts, E."
Racekiela,ryderii,"(Potts, 1882)",
Papyrula,saccharis,"de Laubenfels, 1930","de Laubenfels, M. W."
Penares,saccharis,"(de Laubenfels, 1930)",
Amorphinopsis,sacciformis,"(Thiele, 1900)",
Ciocalapata,sacciformis,"(Thiele, 1900)",
Ciocalypta,sacciformis,"Thiele, 1900","Thiele, J."
Oceanapia,sagittaria,"(Sollas, 1902)",
Orina,sagittaria,"(Sollas, 1902)",
Leucandra,sagmiana,Hozawa,"Hozawa, S."
Neopetrosia,sapra,"(de Laubenfels, 1954)",
Xestospongia,sapra,"de Laubenfels, 1954","de Laubenfels, M. W."
Asteropus,sarasinorum,"(Thiele, 1899)",
Melophlus,sarasinorum,"Thiele, 1899","Thiele, J."
Spongia,saxonicus,,
Cacospongia,scalaris,"Schmidt, 1862","Schmidt, E. O."
Scalarispongia,scalaris,"(Schmidt, 1862)",
Iophon,scandens,"(Bowerbank, 1866)",
Agelas,sceptrum,"(Lamarck, 1815)",
Dictyospongia,sceptrum,Hall,
Agelas,schmidti,"Wilson, 1902","Wilson, H. V."
Cliona,schmidti,(Ridley),
Agelas,schmidtii,"Wilson, 1902","Wilson, H. V."
Aulospongus,schoenus,"de Laubenfels, 1936","de Laubenfels, M. W."
Microciona,schoenus,"(de Laubenfels, 1936)",
Pachynion,scriptum,,
Callyspongia,scrobiculata,"(Lamarck, 1814)",
Tuba,scrobiculata,"(Lamarck, 1814)",
Luffaria,sebae,"Duchassaing & Michelotti, 1864","Duchassaing, É. P."
Luffaria,sebae,"Duchassaing & Michelotti, 1864","Michelotti, G."
Stellispongia,semicincta,"von Quenstedt, 1878","von Quenstedt, F. A."
Tentorium,semisuberites,"(Schmidt, 1870)",
Ophlitaspongia,seriata,"(Grant, 1826)",
Verruculina,seriatopora,Roemer,
Asconema,setabulense,"Saville-Kent, 1870","Saville-Kent, W."
Asconema,setabulense,"Schulze, 1899","Schulze, F. E."
Asconema,setubalense,"Saville-Kent, 1870","Saville-Kent, W."
Asconema,setubalense,"Schulze, 1899","Schulze, F. E."
Tethya,seychellensis,"(Wright, 1881)",
Hyalonema,sieboldii,"Gray, 1835","Gray, J. E."
Lissodendoryx,sigmata,"(de Laubenfels, 1949)",
Xytopsene,sigmatum,"de Laubenfels, 1949","de Laubenfels, M. W."
Cyrtaulon,sigsbeei,Schmidt,
Aaptos,simplex,"(Lambe, 1893)",
Plakortis,simplex,"Schulze, 1880","Schulze, F. E."
Suberites,simplex,"Lambe, 1893","Lambe, L. M."
Haliclona,simulans,"(Johnston, 1842)",
Hymeniacidon,sinapium,"de Laubenfels, 1930","de Laubenfels, M. W."
Coelocarteria,singaporensis,"(Carter, 1883)",
Siphonochalina,siphona,"de Laubenfels, 1949","de Laubenfels, M. W."
Siphonodictyon,siphonum,"(de Laubenfels, 1949)",
Eumastia,sitiens,"Schmidt, 1870","Schmidt, E. O."
Halichondria,sitiens,"(Schmidt, 1870)",
Radiella,sol,"Schmidt, 1870","Schmidt, E. O."
Petrosia,solida,Verrill,"Verrill, A. E."
Wewokella,solida,"Girty, 1911","Girty, G. H."
Stelletta,solidissima,"(Wilson, 1902)",
Haliclona,solowetzkaja,"(Hentschel, 1929)",
Spinosella,sororia,,
Tuba,sororia,"Duchassaing & Michelotti, 1864","Duchassaing, É. P."
Tuba,sororia,"Duchassaing & Michelotti, 1864","Michelotti, G."
Acanthacarnus,souriei,Levi,
Acarnus,souriei,"(Levi, 1952)",
Aaptos,sp.,,
Acanthacarnus,sp.,,
Acanthancora,sp.,,
Acanthella,sp.,,
Acarnus,sp.,,
Actinocoelia,sp.,"(Finks, 1960)",
Actinodictya,sp.,,
Adocia,sp.,,
Agelas,sp.,,
Allantophora,sp.,,
Amblysiphonella,sp.,,
Anchinoe,sp.,,
Anthaspidella,sp.,,
Antho,sp.,,
Anthosigmella,sp.,,
Aphrocallistes,sp.,,
Aplysilla,sp.,,
Aplysina,sp.,,
Artemisina,sp.,,
Asbestopluma,sp.,,
Asconema,sp.,,
Asteropus,sp.,,
Astraeospongia,sp.,,
Astraeospongium,sp.,,
Astrosclera,sp.,,
Astylomanon,sp.,,
Astylospongia,sp.,,
Auletta,sp.,,
Axinella,sp.,,
Axocielita,sp.,,
Basilia,sp.,,
Belemnospongia,sp.,,
Biemma,sp.,,
Biemna,sp.,,
Brachiospongia,sp.,,
Bubaris,sp.,,
Caccospongia,sp.,,
Calathium,sp.,,
Calathospongia,sp.,,
Callyspongia,sp.,,
Camerospongia,sp.,,
Carteriospongia,sp.,,
Caulophacus,sp.,,
Chalina,sp.,,
Chalinopsilla,sp.,,
Chancelloria,sp.,,
Choia,sp.,,
Chondrilla,sp.,,
Chondrocladia,sp.,,
Chondrosia,sp.,,
Cinachyra,sp.,,
Ciocalypta,sp.,,
Cladorhiza,sp.,,
Clathria,sp.,,
Clathria,sp.,,
Clathria,sp.,,
Clathria,sp.,,
Cleodictya,sp.,,
Cliona,sp.,,
Cnemidium,sp.,,
Coelocladia,sp.,,
Coeloptychium,sp.,,
Coelosphaera,sp.,,
Colpospongia,sp.,,
Corticium,sp.,,
Corynella,sp.,Zittel,
Craticularia,sp.,,
Crella,sp.,,
Cribrocoelia,sp.,,
Cribrospongia,sp.,,
Cystothalamia,sp.,,
Cytospongia,sp.,,
Dactylia,sp.,,
Damiriella,sp.,,
Dasychalina,sp.,,
Dendrilla,sp.,,
Dercitus,sp.,,
Diaphorstoma,sp.,,
Dictyophyton,sp.,,
Dictyospongia,sp.,,
Didiscus,sp.,,
Diplastrella,sp.,,
Discodermia,sp.,,
Djemelia,sp.,,
Dysidea,sp.,,
Echinochalina,sp.,,
Echinostylinos,sp.,,
Ectyodoryx,sp.,,
Elasmostoma,sp.,,
Endectyon,sp.,,
Epallax,sp.,,
Epicles,sp.,,
Erylus,sp.,,
Esperiopsis,sp.,,
Eumastia,sp.,,
Euplectella,sp.,,
Eurypon,sp.,,
Euryspongia,sp.,,
Farrea,sp.,,
Gelliodes,sp.,,
Gellius,sp.,,
Geodia,sp.,,
Girtycoelia,sp.,,
Girtyocoelia,sp.,,
Gomphostegia,sp.,,
Guitarra,sp.,,
Halichondria,sp.,,
Halichondria,sp.,,
Halichondrina,sp.,,
Haliclona,sp.,,
Haliclona,sp.,,
Haliclona,sp.,,
Haliclona,sp.,,
Halisarca,sp.,,
Hamptonia,sp.,Walcott,"Walcott, C. D."
Heliospongia,sp.,,
Hemectyon,sp.,,
Hemiasterella,sp.,,
Heterocoelia,sp.,,
Heterospongia,sp.,,
Higginsia,sp.,,
Hindia,sp.,,
Hippospongia,sp.,,
Homaxinella,sp.,,
Hyalonema,sp.,,
Hyattella,sp.,,
Hydnoceras,sp.,,
Hymedesmia,sp.,,
Hymeniacidon,sp.,,
Hyrtios,sp.,,
Ianthella,sp.,,
Imperatoria,sp.,,
Iophon,sp.,,
Iotrochota,sp.,,
Ircinia,sp.,,
Ischadites,sp.,,
Isodictya,sp.,,
Isops,sp.,,
Jaspis,sp.,,
Jerea,sp.,,
Kazania,sp.,,
Laxosuberites,sp.,,
Leptolabis,sp.,,
Leptomitus,sp.,,
Leucandra,sp.,,
Leuconia,sp.,,
Leucosolenia,sp.,,
Lissodendoryx,sp.,,
Lissodendoryx,sp.,,
Lissodendoryx,sp.,,
Maeandrostia,sp.,,
Microciona,sp.,,
Microspongia,sp.,,
Mycale,sp.,,
Mycale,sp.,,
Myriastra,sp.,,
Myxilla,sp.,,
Napaeana,sp.,,
Neofibularia,sp.,,
Nidulites,sp.,,
Oceanapia,sp.,,
Oligoceras,sp.,,
Ophlitaspongia,sp.,,
Oscarella,sp.,,
Pachastrella,sp.,,
Pachychalina,sp.,,
Palaeomanon,sp.,,
Palaeospongia,sp.,,
Paratetilla,sp.,,
Pasceolus,sp.,,
Petrosia,sp.,,
Petrosia,sp.,,
Phakellia,sp.,,
Phloeodictyon,sp.,,
Phorbas,sp.,,
Phragmodictya,sp.,,
Phyllospongia,sp.,,
Physospongia,sp.,,
Pirania,sp.,,
Placospongia,sp.,,
Plakortis,sp.,,
Pleurostoma,sp.,,
Plocamilla,sp.,,
Plocoscyphia,sp.,,
Polyfibrospongia,sp.,,
Polymastia,sp.,,
Porosphaera,sp.,,
Porospongia,sp.,,
Preeudea,sp.,,
Prismodictya,sp.,,
Prosuberites,sp.,,
Protospongia,sp.,,
Pseudaxinella,sp.,,
Pseudoceratina,sp.,,
Raspailia,sp.,,
Receptaculites,sp.,,
Reniera,sp.,,
Rhizochalina,sp.,,
Saccospongia,sp.,,
Scycettusa,sp.,,
Scypha,sp.,,
Scyphia,sp.,,
Sigmadocia,sp.,,
Siphonia,sp.,,
Siphonia,sp.,,
Siphonochalina,sp.,,
Sollasia,sp.,,
Sphaerodictya,sp.,,
Spheciospongia,sp.,,
Spherospongia,sp.,,
Spirastrella,sp.,,
Spongia,sp.,,
Spongionella,sp.,,
Spongosorites,sp.,,
Stauroderma,sp.,,
Stelletta,sp.,,
Stellettinopsis,sp.,,
Stellispongia,sp.,,
Strephochetus,sp.,,
Strobilospongia,sp.,,
Strongylacidon,sp.,,
Strongylophora,sp.,,
Stylinos,sp.,,
Suberites,sp.,,
Sycettusa,sp.,,
Sycon,sp.,,
Tedania,sp.,,
Tenaciella,sp.,,
Tethya,sp.,,
Tetilla,sp.,,
Thalysias,sp.,,
Thysanodictya,sp.,,
Timea,sp.,,
Topsentia,sp.,,
Toxadocia,sp.,,
Trachyopsilla,sp.,,
Ulosa,sp.,,
Velinea,sp.,,
Ventriculites,sp.,,
Verongia,sp.,,
Virgola,sp.,,
Weberella,sp.,,
Xestospongia,sp.,,
Xytopsoocha,sp.,,
Xytopsues,sp.,,
Yvesia,sp.,,
Chaunactis,sp. 1,,
Chaunactis,sp. 2,,
Haliclona,sp. A,,
Hymedesmia,sp. A,,
Reniera,sp. A,,
Haliclona,sp. B,,
Hymedesmia,sp. B,,
Reniera,sp. B,,
Reniera,sp. C,,
Palaeospongia,sp. indet.,,
Acloeodictya,sp. nov.,,
Astylospongia,sp. nov.,,
Axinella,sp. nov.,,
Axinella,sp. nov.,,
Calathospongia,sp. nov.,,
Cyathodictya,sp. nov.,,
Dictyophyton,sp. nov.,,
Palaeomanon,sp. nov.,,
Prismodictya,sp. nov.,,
Prosuberites,sp. nov.,,
Protoclathria,sp. nov.,,
Receptaculites,sp. nov.,,
Sphaerodictya,sp. nov.,,
Spirasigma,sp. nov.,,
Spongia,sp. nov.,,
Strephochetus,sp. nov.,,
Verongia,sp. nov.,,
Agelas,sparsus,"(Gray, 1867)",
Euplectella,speciosa,,
Prismodictya,spectalitis,,
Caminus,sphaeroconia,"Sollas, 1886",
Hindia,sphaeroidalis,"Duncan, 1879","Duncan, P. M."
Microspongia,sphaeroidalis,,
Thrombus,sphaeroidocladus,"Hartman & Hubbard, 1999","Hartman, W. D."
Thrombus,sphaeroidocladus,"Hartman & Hubbard, 1999","Hubbard, R."
Yucatania,sphaeroidocladus,"(Hartman & Hubbard, 1999)",
Stachyspongia,spica,,
Ircinia,spicosula,Hentschel,"Hentschel, E."
Amphimedon,spiculosa,"(Dendy, 1887)",
Siphonochalina,spiculosa,"Dendy, 1887","Dendy, A."
Axociella,spinosa,,
Clathria,spinosa,"(Wilson, 1902)",
Craniella,spinosa,"Lambe, 1893","Lambe, L. M."
Crella,spinosa,"(Hechtel, 1983)",
Crelloxea,spinosa,"Hechtel, 1983","Hechtel, G. J."
Dysidea,spinosa,"(Hyatt, 1877)",
Microciona,spinosa,Wilson,"Wilson, A."
Spongelia,spinosa,"Hyatt, 1877","Hyatt, A."
Thrinacophora,spinosa,"Wilson, 1902","Wilson, H. V."
Dorypleres,splendens,"de Laubenfels, 1954","de Laubenfels, M. W."
Jaspis,splendens,"(de Laubenfels, 1954)",
Aaata,spongigartina,"de Laubenfels, 1930","de Laubenfels, M. W."
Anaata,spongigartina,"(de Laubenfels, 1930)",
Clathria,spongigartina,"(de Laubenfels, 1930)",
Vetulina,stalactites,"Schmidt, 1879","Schmidt, E. O."
Stellispongia,stellaris,"von Klipstein, 1843","von Klipstein, A."
Halicometes,stellata,"(Schmidt, 1870)",
Caryomanon,stellatimsulcatum,"(Roemer, 1848)",
Astylospongia,stellatum,,
Astylospongia,stellatum,Roemer,
Cnemidiastrum,stellatum,,
Jaspis,stellifera,"(Carter, 1879)",
Timea,stenosclera,Hechtel,"Hechtel, G. J."
Stylissa,stipitata,"de Laubenfels, 1961","de Laubenfels, M. W."
Ventriculites,striatus,"Smith, 1848","Smith, J. T."
Higginsia,strigilata,"(Lamarck, 1814)",
Ircinia,strobilina,"(Lamarck, 1816)",
Callyspongia,strongylophora,"Hartman, 1955","Hartman, W. D."
Myrmekioderma,styx,"de Laubenfels, 1953","de Laubenfels, M. W."
Callyspongia,subarmigera,"(Ridley, 1884)",
Calymmatina,subcataria,,
Tuba,subenervia,"Duchassaing & Michelotti, 1864","Duchassaing, É. P."
Tuba,subenervia,"Duchassaing & Michelotti, 1864","Michelotti, G."
Halichondria,suberosa,"(Esper, 1794)",
Verrucospongia,submarginata,,
Haliclona,subtriangularis,"(Duchassaing & Michelotti, 1864)",
Neopetrosia,subtriangularis,"(Duchassaing, 1850)",
Thalysias,subtriangularis,"(Duchassaing, 1850)",
Thalysias,subtriangularis,"Duchassaing & Michelotti, 1864","Duchassaing, É. P."
Thalysias,subtriangularis,"Duchassaing & Michelotti, 1864","Michelotti, G."
Xestospongia,subtriangularis,"(Duchassaing, 1850)",
Pleurostoma,subundata,Northrop,
Tedania,suctoria,"Schmidt, 1870",
Aplysilla,sulfurea,"Schulze, 1878","Schulze, F. E."
Cliona,sulphurea,"(Desor, 1851)",
Epipolasis,suluensis,"(Wilson, 1925)",
Spongosorites,suluensis,"Wilson, 1925","Wilson, H. V."
Spheciospongia,symbiotica,"Hechtel, 1983","Hechtel, G. J."
Ectyoplasia,tabula,"(Lamarck, 1814)",
Spongia,tabula,"Lamarck, 1814","Lamarck, J. P."
Spongia,tampa,"de Laubenfels & Storr, 1958","de Laubenfels, M. W."
Spongia,tampa,"de Laubenfels & Storr, 1958","Storr, J. F."
Prismodictya,telum,,
Endectyon,tenax,"(Schmidt, 1870)",
Phakellia,tenax,"Schmidt, 1870","Schmidt, E. O."
Callyspongia,tenerrima,"Duchassaing & Michelotti, 1864","Duchassaing, É. P."
Callyspongia,tenerrima,"Duchassaing & Michelotti, 1864","Michelotti, G."
Poecillastra,tenuilaminaris,"(Sollas, 1886)",
Pararhaphoxya,tenuiramosa,"Burton, 1934","Burton, M."
Chonella,tenuis,,
Terpios,tenuis,"Duchassaing & Michelotti, 1864","Duchassaing, É. P."
Terpios,tenuis,"Duchassaing & Michelotti, 1864","Michelotti, G."
Scytalia,terebrata,Phillips,
Axinyssa,terpnis,"(de Laubenfels, 1954)",
Phycopsis,terpnis,"de Laubenfels, 1954","de Laubenfels, M. W."
Clathria,terraenovae,"Dendy, 1924","Dendy, A."
Dictyociona,terraenovae,"(Dendy, 1924)",
Receptaculites,tessellatus,,
Petrosia,testudinaria,"(Lamarck, 1815)",
Reniera,testudinaria,"(Lamarck, 1815)",
Xestospongia,testudinaria,"(Lamarck, 1815)",
Craniella,tethyoides,Schmidt,"Schmidt, E. O."
Plakina,tetralopha,"(Hechtel, 1965)",
Corticium,tetralophum,"Hechtel, 1965","Hechtel, G. J."
Protospongia,tetranema,,
Isoraphinia,texta,,
Gellius,textapatina,"de Laubenfels, 1926","de Laubenfels, M. W."
Haliclona,textapatina,"(de Laubenfels, 1930)",
Sigmadocia,textapatina,"(de Laubenfels, 1930)",
Craticularia,texturatus,,
Forcepia,thielei,"Lundbeck, 1905","Lundbeck, W."
Rhabdopectella,tintinnus,"Schmidt, 1880","Schmidt, E. O."
Tosastroma,tokunagai,"Yabe & Sugiyama, 1935","Yabe, H."
Tosastroma,tokunagai,"Yabe & Sugiyama, 1935","Sugiyama, T."
Lissodendoryx,topsenti,"(de Laubenfels, 1930)",
Tedania,topsenti,"de Laubenfels, 1930","de Laubenfels, M. W."
Forcepia,topsentii,"Lundbeck, 1905","Lundbeck, W."
Tedania,tora,"de Laubenfels, 1950","de Laubenfels, M. W."
Biemna,tornotifera,Burton,"Burton, M."
Maeandrostia,tortacloaca,"King, 1932","King, R. H."
Tuba,tortolensis,Duchassaing & Michelotti,"Duchassaing, É. P."
Tuba,tortolensis,Duchassaing & Michelotti,"Michelotti, G."
Merriamium,tortugasensis,"de Laubenfels, 1936","de Laubenfels, M. W."
Tedania,toxicalis,"de Laubenfels, 1930","de Laubenfels, M. W."
Palaeospongia,trentonensis,,
Amphimedon,trindanea,"(Ristau, 1978)",
Xestospongia,trindanea,"Ristau, 1978","Ristau, D. A."
Biemna,trirhaphis,"(Topsent, 1897)",
Cliona,truitti,"Old, 1941",
Pione,truitti,"(Old, 1941)",
Oscarella,tuberculata,"(Schmidt, 1868)",
Suberites,tuberculata,"(Schmidt, 1868)",
Jereica,tuberculosa,,
Suberites,tuberculosus,"Schmidt, 1870","Schmidt, E. O."
Pattersonia,tuberosa,(Beecher),
Strobilospongia,tuberosa,Beecher,
Dictyophon,tuberosum,Conrad,"Conrad, T. A."
Dictyophyton,tuberosum,(Conrad),
Hydnoceras,tuberosum,Conrad,"Conrad, T. A."
Hydnoceras,tuberosum,,
Ophiraphidites,tuberosus,,
Haliclona,tubifera,"(George & Wilson, 1919)",
Carterius,tubisperma,"(Potts, 1881)",
Heteromeyenia,tubisperma,"(Potts, 1881)",
Biemna,tubulata,"(Dendy, 1905)",
Toxemna,tubulata,(Dendy),
Aulospongus,tubulatus,"(Bowerbank, 1873)",
Oculospongia,tubulifera,,
Spongia,tubulifera,"Lamarck, 1814","Lamarck, J. P."
Siphonia,tubulosa,Roemer,
Siphonia,tulipa,,
Geodia,tumulosa,"Bowerbank, 1872","Bowerbank, J. S."
Scyphia,turbinata,,
Scytalia,turbinata,,
Fasciospongia,turgida,,
Eospongia,turneriensis,,
Adocia,turquoisia,"de Laubenfels, 1954","de Laubenfels, M. W."
Haliclona,turquoisia,"(de Laubenfels, 1954)",
Penares,tylostaster,Dendy,"Dendy, A."
Myrmekioderma,tylota,"de Laubenfels, 1954","de Laubenfels, M. W."
Penares,tylotaster,"Dendy, 1924","Dendy, A."
Discophycus,typicalis,Walcott,"Walcott, C. D."
Trichospongia,typicalis,,
Corallistes,typus,"Schmidt, 1870","Schmidt, E. O."
Druinella,tyroeis,"de Laubenfels, 1954","de Laubenfels, M. W."
Haliclona,tyroeis,"(de Laubenfels, 1954)",
Toxadocia,tyroeis,"de Laubenfels, 1954","de Laubenfels, M. W."
Cliona,undulatus,"(George & Wilson, 1919)",
Suberites,undulatus,,"George, W. C."
Suberites,undulatus,,"Wilson, H. V."
Hymeniacidon,ungodon,"de Laubenfels, 1932","de Laubenfels, M. W."
Monanchora,unguiculata,"(Dendy, 1922)",
Haliclona,urceolus,"(Rathke & Vahl, 1806)",
Opetionella,vadians,,
Anthosigmella,vagabunda,"Ridley, 1884","Ridley, S. O."
Desmacella,vagabunda,"Schmidt, 1870","Schmidt, E. O."
Spheciospongia,vagabunda,"(Ridley, 1884)",
Spirastrella,vagabunda,"Ridley, 1884","Ridley, S. O."
Platychonia,vagans,,
Spongites,vagans,,
Callyspongia,vaginalis,"(Lamarck, 1814)",
Callyspongia,vaginalis,"(Duchassaing & Michelotti, 1864)",
Callyspongia,vaginalis,"(Lamarck, 1814)",
Spinosella,vaginalis,"(Lamarck, 1814)",
Spinosella,vaginalis,"(Duchassaing & Michelotti, 1864)",
Calycosoma,valida,,
Calycosoma,validum,"Schulze, 1899","Schulze, F. E."
Haliclona,vanilla,"de Laubenfels, 1930","de Laubenfels, M. W."
Neopetrosia,vanilla,"(de Laubenfels, 1930)",
Xestospongia,vanilla,"(de Laubenfels, 1930)",
Dactylia,varia,"(Gray, 1843)",
Polymastia,varia,"Verrill, 1907","Verrill, A. E."
Cnemidiastrum,variabile,,
Hydnoceras,variabile,Hall & Clarke,
Amphimedon,variabilis,"Duchassaing & Michelotti, 1864","Duchassaing, É. P."
Amphimedon,variabilis,"Duchassaing & Michelotti, 1864","Michelotti, G."
Dysidea,variabilis,"(Duchassaing & Michelotti, 1864)",
Haliclona,variabilis,"(Dendy, 1887)",
Hircinia,variabilis,Schmidt,
Ircinia,variabilis,"(Schmidt, 1862)",
Luffariella,variabilis,"(Polejaeff, 1884)",
Pachychalina,variabilis,"Dendy, 1887","Dendy, A."
Schmidtia,variabilis,"Ridley, 1884","Ridley, S. O."
Stelletta,variabilis,"(Wilson, 1902)",
Stellispongia,variabilis,"(Münster, 1841)",
Xestospongia,variabilis,"(Ridley, 1884)",
Anthosigmella,varians,"(Duchassaing & Michelotti, 1864)",
Cliona,varians,"(Duchassaing & Michelotti, 1864)",
Eospongia,varians,"Billings, 1861","Billings, E."
Thalysias,varians,"Duchassaing & Michelotti, 1864","Duchassaing, É. P."
Thalysias,varians,"Duchassaing & Michelotti, 1864","Michelotti, G."
Biemma,varianta,,
Biemna,varianta,"(Bowerbank, 1858)",
Biemna,variantia,"(Bowerbank, 1858)",
Biemna,variantia,"(Koltun, 1958)",
Cribrochalina,vasculum,"(Lamarck, 1814)",
Cliona,vastifica,"Hancock, 1849","Hancock, A."
Pione,vastifica,"(Hancock, 1849)",
Aphrocallistes,vastus,"Schulze, 1886","Schulze, F. E."
Fibularia,vaughani,"(Twitchell, 1915)",
Chalinula,velinea,"(de Laubenfels, 1954)",
Haliclona,velinea,"(de Laubenfels, 1954)",
Clathria,venosa,"(Alcolado, 1984)",
Niphates,venosa,"Duchassaing & Michelotti, 1864","Duchassaing, É. P."
Niphates,venosa,"Duchassaing & Michelotti, 1864","Michelotti, G."
Sporadoscina,venosa,Roemer,
Phakellia,ventilabrum,"(Linnaeus, 1767)",
Stromatospongia,vermicola,"Hartman, 1969","Hartman, W. D."
Spongia,vermiculata,"Duchassaing & Michelotti, 1864","Duchassaing, É. P."
Spongia,vermiculata,"Duchassaing & Michelotti, 1864","Michelotti, G."
Spongia,vermiculata,"Hyatt, 1877","Hyatt, A."
Spongia,vermiculata,"Hyatt, 1877","Hyatt, A."
Spongia,vermiculata,,
Spongia,vermiculata,Hyatt,
Spongia,vermiculata,"Hyatt, 1877","Hyatt, A."
Cliona,vermifera,"Hancock, 1867","Hancock, A."
Dendrilla,verongiformis,"de Laubenfels, 1954","de Laubenfels, M. W."
Halichondria,verrilli,,
Axinella,verrucosa,"(Esper, 1794)",
Verrucocoelia,verrucosa,,
Corticium,versatile,,
Corticium,versatilis,"Schmidt, 1880","Schmidt, E. O."
Plakina,versatilis,"(Schmidt, 1880)",
Mortieria,vertebralis,"de Koninck, 1842","de Koninck, L. G."
Amblysiphonella,vesiculosa,,
Spheciospongia,vesparia,Lamarck,"Lamarck, J. P."
Spheciospongia,vesparium,"(Lamarck, 1815)",
Spinosella,villosa,"(Pallas, 1766)",
Astrobolia,vimosa,,
Lovcenipora,vinassai,Giattini,
Haliclona,violacea,"(de Laubenfels, 1950)",
Toxadocia,violacea,"de Laubenfels, 1950","de Laubenfels, M. W."
Hyrtios,violaceus,"(Duchassaing & Michelotti, 1864)",
Chondrocladia,virgata,"Wyville Thomson, 1873","Wyville Thomson, C."
Cladorhiza,virgata,"(Wyville Thomson, 1873)",
Clathria,virgultosa,"(Lamarck, 1814)",
Spongia,virgultosa,Schmidt,Schmidt
Thalysias,virgultosa,"(Lamarck, 1814)",
Eurypon,viride,"(Topsent, 1889)",
Tricheurypon,viride,"(Topsent, 1889)",
Amphimedon,viridis,"Duchassaing & Michelotti, 1864","Duchassaing, É. P."
Amphimedon,viridis,"Duchassaing & Michelotti, 1864","Michelotti, G."
Cliona,viridis,"(Schmidt, 1862)",
Haliclona,viridis,"(Duchassaing & Michelotti, 1864)",
Clathria,vulpina,"(Lamarck, 1814)",
Echinoclathria,waldoschmitti,"de Laubenfels, 1954","de Laubenfels, M. W."
Ecionemia,walkeri,"(de Laubenfels, 1954)",
Hezekia,walkeri,"de Laubenfels, 1954","de Laubenfels, M. W."
Pandaros,walpersii,"Duchassaing & Michelotti, 1864","Duchassaing, É. P."
Pandaros,walpersii,"Duchassaing & Michelotti, 1864","Michelotti, G."
Ptilocaulis,walpersii,"(Duchassaing & Michelotti, 1864)",
Axinella,waltonsmithi,"(de Laubenfels, 1953)",
Homaxinella,waltonsmithi,"de Laubenfels, 1953","de Laubenfels, M. W."
Tylodictya,warrenensis,Hall & Clarke,
Acanthochaetetes,wellsi,"Hartman & Goreau, 1975","Hartman, W. D."
Acanthochaetetes,wellsi,"Hartman & Goreau, 1975","Goreau, T. F."
Aphrocallistes,whiteavesianus,"Lambe, 1892","Lambe, L. M."
Astrosclera,willeyana,"Lister, 1900",
Pseudaxinella,wilsoni,"Wells, Wells & Gray, 1960",
Suberites,wilsoni,"Carter, 1885","Carter, H. J."
Mastosia,witzleri,,
Thorectopsamma,xana,"de Laubenfels, 1954","de Laubenfels, M. W."
Acanthella,xutha,"(de Laubenfels, 1954)",
Axinosia,xutha,"de Laubenfels, 1954","de Laubenfels, M. W."
Terpios,zeteki,"(de Laubenfels, 1936)",
Hymedesmia,zetlandica,,
Spongia,zimocca,"Schmidt, 1862","Schmidt, E. O."
Spongia,zimocca,"(von Lendenfeld, 1889)",
Cribrochalina,zingiberis,"(Sollas, 1879)",
Pharetronema,zingiberis,"Sollas, 1879","Sollas, W. J."
Leptomitus,zitteli,"Walcott, 1886","Walcott, C. D."
Plakortis,zyggompha,"(de Laubenfels, 1934)",
Roosa,zyggompha,"de Laubenfels, 1934","de Laubenfels, M. W."
Plakortis,zygompha,(de Laubenfels),
